node,apport_ht,apport_me,q_ht,q_me
0,0.00297103,0.0014481166,1531.43,758.7531
1,28.8338,2.9433956,1531.26,757.1988
2,0.448136,0.08550032,1325.62,731.54846
3,0.954772,0.15592287,1321.82,727.8146
4,2.05538,0.36357468,1318.28,724.1558
5,0.516824,0.104042746,1314.28,719.6492
6,2.5478,0.27937666,2.5478,0.4857007
7,0.545941,0.0694434,1310.08,715.71124
8,0.032171,0.010369499,1297.5,710.9551
9,0.131638,0.031213667,0.131638,0.038506016
10,0.0252745,0.009503019,1297.0,708.1567
11,1.19001,0.18315843,1296.14,705.19604
12,0.0155271,0.004281608,1251.1,698.1167
13,0.119865,0.026575936,1250.39,694.06525
14,0.0330474,0.00616867,1140.68,662.57635
15,2.95019,0.38542086,1138.1,658.55676
16,0.922403,0.08784025,0.922403,0.087171376
17,3.89884,0.39570332,1131.88,653.74414
18,0.575709,0.052870218,0.575709,0.052648574
19,14.6727,1.3103145,1125.92,649.39124
20,0.516203,0.114111304,1107.86,644.14233
21,0.400129,0.06642265,5.43064,0.9620664
22,2.39513,0.41725242,2.92589,0.53075564
23,0.235198,0.044950817,0.235198,0.045675635
24,0.295542,0.063408166,0.295542,0.06475959
25,2.10461,0.36525825,2.10461,0.36683154
26,0.249874,0.09787028,1101.65,638.8254
27,0.139047,0.11512923,149.336,37.902466
28,0.483125,0.103030995,0.483125,0.10391377
29,0.640779,0.15337497,148.674,37.92588
30,1.01708,0.22699605,146.818,37.752453
31,0.102711,0.026789488,144.685,37.455215
32,0.0196362,0.005662167,144.337,37.57199
33,0.763291,0.15671591,143.449,37.5831
34,1.25506,0.30862513,142.394,37.511837
35,0.0836181,0.016001599,0.0836181,0.01616686
36,0.304033,0.069248594,141.03,37.342415
37,0.122174,0.028872296,138.72,37.17512
38,0.143382,0.029135747,23.6006,4.5224314
39,1.4927,0.35203585,22.8945,4.3558908
40,0.731711,0.11469426,2.56177,0.41858202
41,0.920313,0.16850287,0.920313,0.17129096
42,0.909743,0.1260208,0.909504,0.12785985
43,1.68236,0.23751688,18.8478,3.5752668
44,1.57925,0.22056358,16.2144,3.2168562
45,0.0595971,0.007276065,14.511,2.9724462
46,3.67024,0.54633945,3.67047,0.55638707
47,3.99933,0.4286499,10.7843,2.4053144
48,0.174766,0.0276633,4.22939,1.5907516
49,0.0216055,0.0039452505,3.43917,1.4525751
50,0.886863,0.17899823,3.41973,1.4619915
51,0.00549746,0.00076402345,0.884443,0.13431051
52,0.371713,0.058552675,0.87895,0.13307527
53,0.510668,0.066836454,0.510669,0.06799845
54,0.737475,0.084061734,2.62849,1.168437
55,1.16684,0.2729885,1.90876,1.0867056
56,0.343329,0.05812909,0.343329,0.058697693
57,0.198405,0.023294747,0.198405,0.023438148
58,0.0829121,0.016265107,0.75517,0.11663048
59,0.226812,0.036190856,0.226812,0.03647978
60,0.445446,0.062854946,0.445446,0.063218534
61,0.467352,0.064783484,1.30776,0.61218137
62,1.79591,0.3249752,0.845635,0.5475277
63,0.21983,0.036196716,0.4332,0.15912475
64,0.575963,0.11979552,0.214081,0.12248272
65,0.0877585,0.010021378,0.298046,0.057452984
66,0.322107,0.046401832,0.210503,0.047261413
67,0.154649,0.019909758,0.62496,0.12324313
68,0.593738,0.09553227,0.470703,0.10205027
69,0.505154,0.054125823,2.61191,0.39034766
70,0.900926,0.11419197,2.11256,0.3361684
71,0.825468,0.07892827,0.825468,0.07982212
72,0.0324894,0.0034366318,0.949086,0.13699527
73,0.125955,0.014354637,0.576118,0.096208446
74,0.242282,0.03761506,0.450615,0.081548184
75,0.34136,0.04163978,0.34136,0.04197039
76,0.340863,0.036464166,0.340863,0.0369276
77,0.153324,0.018998053,0.153324,0.019435614
78,0.971162,0.114173084,0.971162,0.115618646
79,0.56423,0.12886591,0.56423,0.13074356
80,3.0043,0.5800529,114.988,32.77472
81,1.20167,0.16907834,108.363,31.801615
82,0.39934,0.107893586,79.097,26.425426
83,0.178973,0.029136935,0.178973,0.029901523
84,0.590021,0.10981217,78.5494,26.39894
85,0.18923,0.05840415,76.0687,25.956085
86,2.6308,0.37736112,50.355,17.742094
87,0.120578,0.017788487,0.120578,0.018203476
88,0.589222,0.12719612,47.6719,17.423801
89,2.01262,0.4134072,45.6184,16.95755
90,0.339523,0.09106751,42.3864,16.40221
91,0.599799,0.14248261,0.599799,0.14398633
92,0.796994,0.21386872,41.4694,16.227724
93,0.0556516,0.011449049,1.35834,0.2383776
94,1.17655,0.19802971,1.17655,0.2002534
95,0.126139,0.024225442,0.126139,0.024509858
96,0.606251,0.14208752,39.3501,15.834295
97,0.107024,0.01817288,10.1305,3.2509294
98,0.410179,0.06937951,1.24384,0.6562438
99,0.64297,0.17249377,0.844489,0.58646595
100,0.436742,0.09635781,0.436742,0.09653849
101,0.212142,0.04658298,1.01484,0.3145612
102,0.383283,0.09857101,0.806547,0.26756984
103,0.723247,0.16519412,0.723247,0.1658551
104,0.0052694,0.00094064826,8.78304,2.575821
105,0.90066,0.16624324,3.68931,1.071226
106,0.212974,0.04915185,2.31069,0.78659767
107,0.0669135,0.015252187,0.651459,0.19969462
108,0.443567,0.14716674,0.443567,0.14819174
109,0.140978,0.035030957,0.140978,0.03516483
110,0.5898,0.16319071,1.44667,0.5361062
111,0.214184,0.07587006,0.675145,0.302581
112,0.349154,0.13317975,0.349154,0.13351384
113,0.0574741,0.020913653,0.112022,0.092798665
114,0.127474,0.07269458,0.0547394,0.0720912
115,0.182692,0.069307454,0.182692,0.06942604
116,0.480756,0.11623923,0.480757,0.116649486
117,0.102217,0.016967604,5.08855,1.5023516
118,0.77702,0.15759026,4.9874,1.4852078
119,1.43215,0.28450447,4.31883,1.3202336
120,0.0111649,0.0021815237,2.70091,0.99997306
121,0.894431,0.20102695,1.16509,0.44239187
122,0.426958,0.17715958,0.272549,0.24096942
123,0.211322,0.06248581,0.211322,0.06263293
124,0.236343,0.047852546,1.5249,0.5547168
125,0.678093,0.15888591,0.962703,0.43162516
126,0.209405,0.085525945,0.286637,0.2725552
127,0.0393497,0.008547532,0.350101,0.18668362
128,0.292817,0.08957006,0.311166,0.17811844
129,0.296693,0.08769967,0.296693,0.08785803
130,0.326601,0.07472414,0.326601,0.074868664
131,0.189352,0.033937152,0.189352,0.03402645
132,0.545051,0.08788861,28.6454,12.509187
133,1.4898,0.2796399,27.0731,12.329571
134,0.191866,0.038257685,2.89694,2.239489
135,1.03441,0.34961295,2.72345,2.2019565
136,0.1523,0.03210792,0.1523,0.03220663
137,0.0732461,0.014981318,2.18277,0.9567118
138,0.521999,0.13380118,2.11362,0.9422471
139,0.632229,0.14406513,3.1423,0.8071974
140,0.247781,0.0557251,0.247781,0.05578818
141,0.875001,0.1995471,2.26423,0.60687846
142,0.214346,0.051511213,0.967203,0.3066915
143,0.276273,0.08451889,0.754055,0.25535867
144,0.578149,0.17066735,0.578149,0.17075235
145,0.424683,0.1002034,0.424683,0.10033931
146,0.33335,0.075319625,0.33335,0.07544898
147,0.3024,0.06867421,3.14154,0.7852142
148,0.0112089,0.0023733652,1.31899,0.3141686
149,0.296871,0.06342068,0.296871,0.06353727
150,1.01058,0.24754879,1.0109,0.24786884
151,0.025504,0.005344337,1.52322,0.40126714
152,0.221681,0.06150087,1.49868,0.39492804
153,0.804284,0.17946559,1.46087,0.32753903
154,0.322526,0.06826222,0.322526,0.068639636
155,0.334061,0.077858545,0.334061,0.07819714
156,1.22642,0.26752332,22.7401,9.87452
157,0.00473779,0.0013022892,18.8471,9.003122
158,0.66858,0.15722553,17.9047,8.797827
159,0.891048,0.19796473,1.03284,0.33795208
160,0.363276,0.13707516,0.14272,0.13899228
161,0.0193894,0.0046084337,16.2454,8.347998
162,0.132007,0.03176526,15.8586,8.304059
163,0.501188,0.118462674,1.92766,0.51000893
164,0.248584,0.06278124,0.890379,0.24001662
165,0.0148363,0.0035936225,0.0148363,0.00361224
166,0.626958,0.17216633,0.626958,0.17279898
167,0.536068,0.14882812,0.536068,0.14962554
168,0.000153103,0.0005379536,13.8103,7.798313
169,0.0920006,0.021320798,13.6881,7.786415
170,0.408404,0.109630615,12.6231,7.518496
171,0.1276,0.033868246,0.1276,0.034059484
172,0.508661,0.15726452,12.11,7.3916326
173,0.00937369,0.004198148,10.9044,6.915542
174,0.0951605,0.04560995,2.8351,1.495515
175,0.00354141,0.0016365332,1.6986,0.87657976
176,0.0958889,0.04058304,0.0958889,0.040769637
177,0.364134,0.16278006,1.59917,0.8312216
178,0.186117,0.10102792,0.186117,0.102137156
179,1.04883,0.55888855,1.04885,0.562526
180,0.039458,0.017202364,1.04131,0.5707555
181,0.58136,0.30827093,0.581359,0.30884212
182,0.420495,0.24315296,0.420495,0.24389789
183,0.164905,0.062546015,8.06149,5.4271197
184,1.16211,0.41597787,6.61082,4.8657103
185,0.0590177,0.027638352,4.14226,2.921488
186,0.201312,0.13515812,4.0857,2.8975687
187,0.0150897,0.0080541745,2.51185,1.8432026
188,1.03814,0.70479983,2.11758,1.6188834
189,0.619549,0.50659317,0.619551,0.5098325
190,0.317618,0.23886798,0.459088,0.39351737
191,0.0961156,0.09271689,0.0961156,0.093790635
192,0.0453544,0.056775395,0.0453544,0.057356965
193,0.379116,0.20431428,0.379116,0.20551614
194,0.466972,0.23675755,1.55385,0.8607463
195,0.715936,0.41842985,0.716331,0.42324412
196,0.370462,0.18902867,0.370462,0.19133186
197,0.188985,0.08995917,1.34845,1.5362865
198,0.462742,0.3285593,1.16315,1.4449476
199,0.126446,0.04040138,0.126446,0.040616
200,0.59939,0.2284134,0.599396,0.23066503
201,0.0730555,0.04467894,1.1201,0.8117377
202,0.345605,0.20993681,1.04873,0.7635024
203,0.126146,0.046848677,0.126146,0.047247462
204,0.536961,0.26816854,0.696773,0.48032284
205,0.359318,0.20167398,0.161527,0.20809692
206,0.0997576,0.038655948,1.29819,0.5088096
207,0.226153,0.07780407,0.881619,0.3658816
208,0.240002,0.07868236,0.240002,0.0789683
209,0.00106295,0.0006127703,0.417137,0.20869629
210,0.271566,0.10866059,0.416163,0.20810038
211,0.310743,0.09717519,0.310743,0.09753423
212,0.318062,0.103133,0.318062,0.103481054
213,0.400039,0.13520944,0.714834,0.33253032
214,0.168967,0.07506335,0.316919,0.19671403
215,0.303518,0.11788541,0.303517,0.118369125
216,0.981872,0.26726702,0.981873,0.26942068
217,0.122273,0.026316674,0.122273,0.026426634
218,0.371255,0.08345815,0.371255,0.08374449
219,0.541927,0.113055,0.939285,0.24771228
220,0.604027,0.13334882,0.402892,0.13428128
221,0.512531,0.10549623,2.71067,0.65329844
222,0.624681,0.1321368,0.624681,0.13261427
223,0.515419,0.1064788,1.57703,0.4135068
224,0.175676,0.048359144,1.06385,0.30600777
225,0.991575,0.25175247,0.991576,0.25284144
226,1.05977,0.16423969,1.05977,0.16481751
227,1.28849,0.20189682,1.28849,0.20376322
228,0.229858,0.036463622,1.51431,0.41341656
229,1.36292,0.23691316,1.29287,0.3752197
230,0.878844,0.123898335,0.878844,0.12540907
231,0.0401841,0.009348235,25.5502,8.255931
232,0.116007,0.027764957,25.4681,8.277385
233,0.808084,0.16952977,25.3018,8.26639
234,1.13029,0.41651604,1.13029,0.4248721
235,0.0601015,0.02806545,23.3938,7.6872735
236,0.885473,0.38735428,1.74536,0.5756737
237,0.577319,0.110244736,0.577319,0.11158271
238,0.282529,0.06452199,0.282529,0.06558142
239,0.668305,0.16076657,21.5977,7.097389
240,0.00144334,0.00070828915,20.6481,6.8831825
241,0.0514898,0.010969071,0.255044,0.08917252
242,0.306137,0.07397267,0.2038,0.07759361
243,0.01282,0.0046771676,20.3928,6.8053727
244,0.112562,0.027615374,19.8251,6.6161914
245,0.0786233,0.01945164,2.81708,1.6185819
246,1.64121,0.523087,2.74533,1.6012474
247,0.464243,0.11163121,0.464243,0.11259487
248,0.0712632,0.014296969,3.55137,0.95059735
249,0.14182,0.029934712,2.70436,0.7695221
250,0.316913,0.06878916,0.316913,0.07024559
251,0.577462,0.12211788,2.24876,0.6669441
252,0.46844,0.10940292,1.67469,0.5435528
253,0.356724,0.06880578,0.552601,0.17260785
254,0.373622,0.10238608,0.19705,0.103416264
255,0.728942,0.13908969,1.28041,0.2557022
256,0.190153,0.037729807,0.190153,0.03781409
257,0.36131,0.07789693,0.36131,0.07807988
258,0.777979,0.16202866,0.777979,0.16349941
259,0.529503,0.13729884,16.905,4.967965
260,2.73922,0.6496466,10.2778,3.1568768
261,0.622412,0.19717807,7.60342,2.5043797
262,0.205861,0.043311656,7.31396,2.3032625
263,0.311829,0.06713875,6.31407,2.0099826
264,0.0440884,0.01017574,5.81931,1.9017444
265,0.089138,0.01912108,0.648985,0.20959051
266,0.826993,0.18866129,0.561004,0.19026722
267,0.059767,0.014262845,5.12911,1.6826986
268,0.300696,0.090375155,5.07133,1.6692597
269,0.232242,0.04717332,0.232242,0.0474403
270,0.299288,0.058426395,4.93122,1.5315938
271,0.0622245,0.011754944,0.558243,0.24185647
272,0.444206,0.12177296,0.496959,0.22998358
273,0.317046,0.069230355,0.317046,0.069354005
274,0.171394,0.03724505,0.171394,0.037315533
275,0.194956,0.04226647,4.07887,1.2311525
276,0.0145698,0.003505239,3.14014,0.9633797
277,0.632277,0.15113668,3.04401,0.943215
278,0.0215019,0.0051642437,2.2805,0.761129
279,0.0301274,0.0072221225,0.657302,0.23956883
280,0.0829489,0.021636521,0.428211,0.18065873
281,0.152842,0.039871186,0.152842,0.039920684
282,0.0124774,0.00325043,0.192824,0.119080804
283,0.207492,0.07779022,0.180548,0.115852
284,0.0427384,0.010280954,0.0427384,0.0103078615
285,0.0556135,0.016168008,0.0556135,0.016181448
286,0.0428142,0.011134174,0.0428142,0.011155785
287,0.199067,0.051578414,0.199067,0.051650256
288,0.0769918,0.017426154,1.60211,0.51657945
289,0.00264822,0.000637295,1.52434,0.49876857
290,0.0815027,0.018868005,0.68249,0.3116273
291,0.475101,0.15219408,0.602058,0.2931064
292,0.0815328,0.019428227,0.308621,0.068548135
293,0.0474012,0.010401806,0.0474012,0.010443683
294,0.179687,0.038320746,0.179687,0.03847342
295,0.000705028,0.00061596563,0.121295,0.07244359
296,0.218338,0.071495965,0.120611,0.07184994
297,0.839299,0.18623538,0.839299,0.18658616
298,0.00181741,0.0005467268,0.00181741,0.0005479128
299,0.135368,0.030979967,0.135368,0.031019155
300,0.0821046,0.016761512,0.0821046,0.016796697
301,0.248983,0.06026636,0.745464,0.22529206
302,0.383501,0.1115659,0.497435,0.16443354
303,0.193862,0.049594253,0.193862,0.049820796
304,0.190767,0.04130554,0.190767,0.041461647
305,0.332525,0.07092375,0.797528,0.24971992
306,0.582258,0.17390387,0.465923,0.1777645
307,0.505767,0.13924527,6.10866,1.667303
308,0.908724,0.20901808,3.14461,0.7748749
309,0.365511,0.08405604,0.365511,0.08451346
310,0.187347,0.04337411,1.87038,0.477193
311,0.0911769,0.022496782,1.44841,0.36951756
312,0.00127896,0.00074460346,1.02127,0.2631713
313,0.635803,0.1635661,0.635803,0.1646564
314,0.384183,0.09552055,0.384183,0.09604303
315,0.335968,0.081090234,0.335969,0.08185488
316,0.234618,0.0615585,0.234618,0.062016495
317,0.361818,0.09406786,2.45882,0.747119
318,1.15463,0.2778066,1.7005,0.47642547
319,0.310026,0.09471326,0.310026,0.09595331
320,0.235843,0.096741706,0.235843,0.09797558
321,0.0496441,0.011796329,0.397043,0.1733679
322,0.477526,0.16090749,0.347698,0.16316178
323,0.0235226,0.005519021,0.556979,0.18931767
324,0.173016,0.0683504,0.533787,0.18541522
325,0.538146,0.11540559,0.538146,0.11617405
326,0.32548,0.06724386,0.32548,0.068147056
327,0.0611033,0.0132348025,0.0611033,0.013354873
328,0.0469059,0.007539748,0.0469059,0.0076679587
329,0.881971,0.16118817,1.92219,0.42740685
330,0.0349066,0.006849274,0.0349066,0.0069539393
331,1.00512,0.24873129,1.00512,0.25366965
332,0.0235628,0.0036177821,28.0631,5.370763
333,0.114236,0.022947181,27.2799,5.355506
334,1.10252,0.19942272,4.07288,1.2785535
335,1.87329,0.6078089,2.97302,1.0815393
336,0.000438355,0.0010701597,1.70018,0.4530002
337,0.39472,0.117043175,1.17329,0.33147466
338,0.60382,0.16164078,0.60382,0.16361609
339,0.174747,0.047319055,0.174747,0.047953535
340,0.526454,0.11679459,0.526454,0.117892325
341,0.0811452,0.017680695,23.0838,4.1354074
342,0.943503,0.20494288,22.9994,4.185568
343,1.25347,0.213708,1.25347,0.21715
344,1.69715,0.27242523,15.9391,3.0621176
345,1.79431,0.49251854,14.2197,2.8226616
346,1.15991,0.18918574,11.2801,2.401332
347,0.564225,0.12767474,8.68223,1.9798629
348,0.494137,0.13983007,8.09377,1.8780875
349,0.101447,0.030067155,1.5064,0.31241328
350,0.165793,0.034046963,0.165793,0.034794748
351,1.23916,0.23914257,1.23916,0.24343723
352,0.0433367,0.010829066,5.46093,1.4300673
353,0.422949,0.08769747,2.29311,0.6112561
354,1.33894,0.36020243,1.87031,0.519827
355,0.561158,0.12535399,0.561158,0.12733303
356,0.305849,0.08000849,3.12453,0.8049282
357,0.998769,0.20699307,0.99877,0.21100453
358,0.0381188,0.011201831,1.81991,0.5036922
359,0.339251,0.06921383,0.339251,0.070602246
360,1.44254,0.40598714,1.44254,0.41403872
361,1.42705,0.25146633,1.42705,0.25477335
362,0.25462,0.049212713,3.73835,0.8523479
363,0.788151,0.19901441,2.52746,0.6440976
364,0.329038,0.09215926,0.329038,0.09324343
365,0.030015,0.008291262,1.40927,0.35199448
366,0.413782,0.098924376,0.413781,0.10019565
367,0.0688395,0.017747628,0.965371,0.24481586
368,0.796554,0.21706642,0.896273,0.22786392
369,0.955862,0.15651795,0.955862,0.15884991
370,0.755758,0.09380698,0.755758,0.095081806
371,0.313311,0.039396793,3.53516,0.5684485
372,2.0501,0.33632213,2.05013,0.34109595
373,1.17172,0.17814903,1.17172,0.18051466
374,1.98673,0.25448164,1.98673,0.2574897
375,0.271858,0.061639696,0.271858,0.062538445
376,0.863489,0.15786114,0.863489,0.15931815
377,0.234954,0.047710147,0.234954,0.048021346
378,1.06962,0.2620204,1.06962,0.2648679
379,1.16794,0.2232704,1.16794,0.22440402
380,3.89208,0.54727685,951.705,596.5733
381,1.13072,0.23894714,1.13072,0.24086547
382,0.0493915,0.036573436,946.451,591.4139
383,0.294059,0.12881117,937.648,587.5394
384,0.197474,0.057473253,1.13442,0.32931504
385,0.0699895,0.015107087,0.697353,0.21122569
386,0.201062,0.09507579,0.201062,0.09559858
387,0.426302,0.10081571,0.426302,0.10129863
388,0.239592,0.063892424,0.239592,0.06427179
389,0.0774491,0.022833651,935.981,584.2767
390,0.11823,0.03275647,0.11823,0.033038285
391,0.2687,0.09242579,935.698,580.6323
392,0.0116904,0.007938583,13.398,3.300416
393,0.000149124,0.00065554405,13.0438,3.3777814
394,0.0509167,0.016708888,0.914658,0.2253015
395,0.131962,0.079163745,0.131962,0.07955981
396,0.731779,0.13029127,0.731779,0.13072743
397,0.293694,0.13892524,12.1292,3.3291829
398,0.133714,0.020297002,11.4731,3.2515376
399,0.43452,0.10001128,7.91523,2.6736655
400,0.46978,0.09992989,4.98722,2.1599455
401,0.0473929,0.0147231165,4.00432,1.9876258
402,0.325065,0.074068815,3.55768,1.9057311
403,3.03137,1.1036431,3.23783,1.8477148
404,0.448615,0.10065683,0.448615,0.101817764
405,0.261612,0.06734219,0.261612,0.06838506
406,0.0447268,0.012278647,2.08264,0.27865902
407,0.723057,0.11653583,2.03687,0.26976752
408,0.421959,0.111044005,0.421959,0.112885624
409,0.274643,0.033305064,0.274643,0.033758394
410,0.799403,0.24227127,0.799404,0.24610826
411,0.400641,0.10049303,0.400641,0.10187478
412,0.516594,0.11991146,0.516594,0.12177777
413,0.066055,0.01431499,2.4976,0.48652136
414,0.942028,0.18647519,0.942028,0.18732002
415,1.48952,0.28506735,1.48952,0.2862916
416,0.260834,0.042754576,3.42572,0.6495037
417,0.0657957,0.010979829,2.1574,0.45225862
418,0.282016,0.055615306,0.601164,0.13389459
419,0.289168,0.06885221,0.289168,0.0698863
420,0.0299805,0.0075070458,0.0299805,0.007639628
421,0.131009,0.02869099,1.49044,0.3115332
422,0.11964,0.021777669,0.988268,0.22617215
423,0.259795,0.07264026,0.259795,0.07358789
424,0.608833,0.13018659,0.608833,0.13070196
425,0.37116,0.0583207,0.37116,0.05845096
426,0.0817614,0.012626015,1.00749,0.16206007
427,0.853006,0.095547765,0.853006,0.09604953
428,0.0727234,0.053106163,0.0727234,0.053373136
429,0.370731,0.06521934,0.370731,0.06560532
430,0.344608,0.08874895,0.344608,0.08923084
431,0.0569845,0.028412696,919.976,573.71826
432,1.0131,0.10683935,1.0131,0.10706726
433,0.110226,0.03834042,918.835,570.91956
434,0.863959,0.06411267,0.863959,0.064926095
435,3.78715,0.7488378,917.795,568.17444
436,0.000935543,0.0014293744,84.3503,14.532856
437,1.76025,0.24198823,83.8226,14.495008
438,0.384758,0.060668446,81.4746,14.268568
439,1.07784,0.13370158,11.3723,1.1665754
440,1.10039,0.102515645,1.10039,0.103923246
441,0.651924,0.054232046,9.19468,0.9302393
442,1.37403,0.111111514,7.63132,0.7910678
443,0.964032,0.08440023,4.4439,0.49543458
444,0.495037,0.072419584,3.48038,0.41250625
445,0.468509,0.05212221,1.98337,0.23280893
446,0.560717,0.07108924,1.516,0.17933099
447,0.24401,0.02339814,0.24401,0.023671307
448,0.81521,0.078366674,0.81521,0.079129234
449,1.04098,0.09601427,1.04098,0.09810239
450,1.8139,0.17935307,1.8139,0.18352762
451,0.911856,0.08481194,0.911856,0.08563746
452,0.015627,0.0063685044,69.7267,13.175783
453,0.0289638,0.013215032,0.0289638,0.0133758765
454,0.0245471,0.019815518,69.6847,13.270836
455,0.889298,0.09576591,0.889298,0.09677205
456,3.41764,0.48525885,68.7794,13.267587
457,2.72054,0.35362762,28.9118,8.554649
458,0.959471,0.10422414,24.8665,8.080469
459,1.57284,0.2076803,21.7161,7.746042
460,0.156614,0.01885419,19.4431,7.445486
461,1.04349,0.107492,18.1046,7.35666
462,4.1249,0.6036634,17.1883,7.273855
463,1.42381,0.14283319,5.8354,0.5544698
464,1.40603,0.105657056,1.40603,0.10677625
465,3.0052,0.29329163,3.00531,0.29704446
466,0.433137,0.042864475,5.72248,0.5496648
467,1.74909,0.16495667,1.74909,0.16675577
468,0.187119,0.019032024,3.54025,0.33661753
469,0.185898,0.017856633,3.0809,0.29011047
470,0.755671,0.062756896,0.755671,0.06325006
471,0.0140064,0.001498706,2.13933,0.2069394
472,0.377553,0.036019884,1.65101,0.16325423
473,0.629251,0.060706664,0.629251,0.06116812
474,0.644211,0.06387612,0.64421,0.06454787
475,0.47431,0.039805893,0.47431,0.04031033
476,0.272229,0.025147654,0.272229,0.02543164
477,0.141403,0.014182268,1.42489,0.16022521
478,0.039454,0.0039793076,0.884217,0.103348896
479,0.81479,0.09590899,0.844695,0.0990032
480,0.399218,0.041649986,0.399218,0.0421132
481,0.0063975,0.0014964088,10.0604,4.836506
482,1.14342,0.12980439,6.24278,3.582915
483,1.96406,0.33214107,5.15543,3.4772248
484,0.177065,0.023531688,3.89815,1.9888885
485,0.291814,0.04243672,3.30718,1.9166002
486,0.0386479,0.005657887,1.93031,0.85790384
487,0.508209,0.108127885,1.89312,0.85335004
488,0.137592,0.027655346,2.05587,0.7217188
489,0.529586,0.10573563,1.18206,0.44343954
490,0.490203,0.1425284,0.65834,0.3368883
491,0.721142,0.1634396,0.721182,0.16390571
492,0.145037,0.026729021,0.145037,0.026903085
493,0.0176858,0.0038639884,0.740125,0.24982232
494,0.0141943,0.0029679001,0.323206,0.1798474
495,0.842872,0.17271136,0.309335,0.17650159
496,0.399855,0.065306015,0.399855,0.06569473
497,0.113977,0.020916902,0.113977,0.021040194
498,0.159771,0.02442673,1.09585,1.0211201
499,0.969268,0.27410173,0.93927,1.00053
500,0.0945392,0.020641085,1.44528,0.7396969
501,0.374698,0.11844156,1.354,0.72149366
502,0.000250167,0.00062629214,1.12078,0.40615284
503,0.570993,0.15267539,1.12061,0.40527195
504,0.421836,0.09638903,0.98132,0.2443788
505,0.438308,0.10882265,0.438308,0.10927579
506,0.121175,0.037397362,0.121175,0.037517574
507,0.882836,0.19594853,0.882836,0.1968053
508,0.418057,0.053968076,0.418057,0.05445203
509,0.410121,0.049828973,0.410121,0.050280336
510,0.365959,0.04754654,5.43048,1.1960677
511,0.306921,0.038685083,4.27433,1.0720602
512,0.244782,0.079556994,3.74632,0.9261637
513,0.876145,0.17480332,0.876153,0.17729087
514,0.157551,0.038267083,2.40483,0.65733284
515,0.688406,0.20087995,0.68841,0.20231515
516,0.876039,0.21339247,1.55885,0.41274333
517,0.122311,0.03644467,0.607419,0.17871858
518,0.3293,0.095479116,0.3293,0.09609976
519,0.155808,0.044834707,0.155808,0.045171283
520,0.0751841,0.017103136,0.0751841,0.017230762
521,0.0998617,0.025168067,0.216285,0.1144491
522,0.243647,0.088375665,0.116742,0.08987758
523,0.784887,0.085846215,0.784887,0.08658935
524,0.134289,0.017785754,3.81682,1.2794821
525,0.650892,0.083856076,3.68616,1.2634546
526,0.95935,0.08602091,3.24749,1.1867106
527,1.10348,0.15891898,2.29633,1.1031288
528,0.0405702,0.0045874557,3.52658,0.95386887
529,0.559492,0.060168773,0.559492,0.060621288
530,0.0808729,0.010450361,2.93053,0.89139163
531,0.182668,0.023066664,1.81301,0.5685784
532,1.0127,0.12797432,1.64226,0.5481775
533,0.00123885,0.0005131273,1.79208,0.4237259
534,0.517127,0.08323427,1.79103,0.42335358
535,0.774012,0.12695624,2.04797,0.33301678
536,1.02414,0.16217627,1.02414,0.16334225
537,0.249675,0.040471204,0.249675,0.04076388
538,0.513028,0.051219907,1.04327,0.31523034
539,1.15486,0.1541896,0.532469,0.26394805
540,0.0754884,0.008908457,0.335188,0.10610779
541,0.610632,0.094595164,0.260371,0.09689285
542,1.23116,0.1094558,5.05368,0.6423472
543,1.12861,0.10467748,3.16708,0.4731963
544,0.404714,0.05546654,2.05211,0.36846685
545,0.0715236,0.008721075,2.50046,0.3122549
546,0.879114,0.110735215,2.43041,0.3029809
547,1.04307,0.09974692,1.04307,0.10040966
548,0.811133,0.08609001,0.811133,0.08662267
549,0.663449,0.05807368,0.663449,0.05854699
550,1.19763,0.09111544,1.19763,0.09241676
551,0.800762,0.10981422,0.800762,0.11076103
552,2.23903,0.23221919,2.23905,0.24004686
553,1.415,0.13298628,1.41502,0.13387363
554,0.523036,0.08144721,36.5184,4.3052692
555,0.120907,0.016417628,35.6661,4.203825
556,1.28937,0.17497824,31.1286,3.2428927
557,1.41814,0.11151895,29.6603,3.062971
558,2.05413,0.2587242,8.38266,0.744398
559,1.09583,0.078459695,1.09583,0.07971533
560,1.65287,0.13582656,5.23262,0.3973077
561,1.34477,0.11426309,1.34477,0.11599604
562,0.127902,0.012643115,2.23484,0.1400681
563,0.980017,0.06060553,0.980017,0.061512806
564,1.12692,0.06311509,1.12692,0.064041786
565,0.752034,0.08197051,19.863,2.2077298
566,1.61365,0.24934421,17.7981,1.8007598
567,5.91522,0.47513366,5.91585,0.4803195
568,0.419318,0.03860911,10.2734,1.065553
569,1.0314,0.11339729,8.28574,0.9086996
570,2.35895,0.19612241,2.35895,0.19839966
571,0.0332713,0.0032997357,4.90616,0.596208
572,0.491562,0.07839141,4.87363,0.59377277
573,2.05308,0.18902871,2.0531,0.19125843
574,0.57795,0.047450036,2.99116,0.31286156
575,0.492966,0.05034315,0.492966,0.0512069
576,0.279875,0.027023917,1.92078,0.21199489
577,0.45712,0.046967972,0.969755,0.12047952
578,0.595985,0.07077948,0.513259,0.07276559
579,0.671748,0.062482335,0.671748,0.063169464
580,1.57235,0.11670726,1.57235,0.11801546
581,1.31744,0.31608623,1.31744,0.32167053
582,0.182977,0.017101819,0.182977,0.017309466
583,2.26361,0.33591855,4.41743,0.967973
584,0.306385,0.09374252,1.70454,0.4946199
585,0.130456,0.03957883,0.976236,0.27984586
586,0.521758,0.1557523,0.521758,0.15825143
587,0.324022,0.07824982,0.324022,0.07958546
588,0.421914,0.117661946,0.421914,0.11935592
589,0.449117,0.13166365,0.449117,0.13393271
590,0.330877,0.058397815,0.330877,0.059124846
591,0.59508,0.12594818,0.595086,0.12764831
592,0.0600428,0.043774195,0.527318,0.13063754
593,0.0847039,0.014170651,0.0847039,0.014249545
594,0.382572,0.07217005,0.382572,0.07248087
595,0.000243121,0.00063327287,829.29,550.51025
596,0.436983,0.2334689,718.809,531.8561
597,0.259506,0.14590856,0.259697,0.14817019
598,0.172297,0.08468444,718.956,529.99927
599,0.0801452,0.022141397,19.54,3.0560887
600,0.0101098,0.002167257,17.6901,2.8411303
601,1.47556,0.24052314,1.47586,0.24227417
602,0.0241214,0.005508269,16.208,2.6086228
603,1.77165,0.17915979,16.1631,2.602919
604,0.382012,0.041086674,0.382012,0.04137771
605,0.57333,0.062587865,14.0541,2.3922238
606,0.576303,0.0714026,12.9688,2.269098
607,0.0255255,0.002906507,10.5991,1.9432145
608,1.01716,0.14632723,10.5751,1.9467423
609,0.285115,0.025713515,0.285115,0.02585996
610,0.359201,0.03671765,0.359201,0.036927402
611,0.294056,0.030589135,0.672838,0.11609173
612,0.00237685,0.00056069053,0.299215,0.077369034
613,0.493085,0.0741953,0.296882,0.07659289
614,0.0799505,0.007912472,0.0799505,0.007962045
615,2.22429,0.24173835,5.62018,0.68542725
616,0.264871,0.0306983,2.46787,0.31261858
617,0.720908,0.0937857,0.720908,0.09511425
618,1.48207,0.18084885,1.48208,0.18325129
619,0.499752,0.05110317,0.927274,0.12516168
620,0.379731,0.054348197,0.427845,0.07314905
621,0.125934,0.015870638,0.125934,0.016023345
622,0.480652,0.059565056,5.06818,0.9276321
623,0.101137,0.013398383,4.21887,0.81835186
624,0.324461,0.045443464,0.324461,0.046161875
625,2.56508,0.25803733,3.7949,0.75823915
626,0.581438,0.113296874,1.23912,0.49946097
627,0.345274,0.047144637,0.345274,0.047724035
628,0.268469,0.045137983,0.268469,0.04582949
629,0.000203018,0.0005630113,0.748857,0.28969005
630,0.88321,0.19000961,0.74873,0.2892942
631,0.636579,0.091467,0.636579,0.09188689
632,0.375714,0.048382986,0.375714,0.048996508
633,0.428606,0.05373203,1.81926,0.26141173
634,1.11207,0.16293442,1.11207,0.16478235
635,0.278581,0.04020868,0.278581,0.040498454
636,0.534006,0.069395676,0.534006,0.06983237
637,0.026267,0.012837946,0.026267,0.012910959
638,1.78721,0.20455799,1.78721,0.20567268
639,2.6318,0.4062668,699.565,525.77026
640,0.167297,0.04425808,1.32122,0.280585
641,0.848276,0.12945318,0.848276,0.12998623
642,0.00640651,0.02763858,0.305644,0.105912514
643,0.0396882,0.013943785,0.0396882,0.013972539
644,0.259549,0.06402418,0.259549,0.06420123
645,0.709656,0.20427452,695.913,524.1582
646,0.12283,0.09554275,695.266,523.0859
647,1.23294,0.24044883,98.4902,78.933075
648,0.000454632,0.0005449506,97.2692,78.60539
649,0.857642,0.15998936,97.1053,78.380035
650,0.0175469,0.0039292555,95.9285,77.76784
651,0.690325,0.11037609,0.690325,0.11099437
652,0.0239547,0.005364332,95.2432,77.114655
653,0.841049,0.17984062,0.841057,0.18123162
654,0.29223,0.06554877,94.4209,76.24112
655,0.01396,0.0043256367,94.1263,75.319046
656,0.149337,0.036018062,0.149337,0.036342733
657,0.185531,0.06606933,93.9909,74.27942
658,0.0390268,0.013193387,93.6993,73.32284
659,0.256285,0.05637821,5.44314,1.1817244
660,0.750755,0.1535943,4.88301,1.0288974
661,0.817469,0.15149161,2.53986,0.5431632
662,0.194216,0.043543946,1.36131,0.30528384
663,0.535424,0.112602144,0.535424,0.11339383
664,0.158159,0.03991231,0.631673,0.14602078
665,0.329804,0.070826374,0.329804,0.071331635
666,0.14371,0.033302654,0.14371,0.033587486
667,0.0397195,0.008776695,0.360936,0.08201849
668,0.201603,0.047771543,0.201603,0.04822392
669,0.119613,0.024102028,0.119613,0.02426524
670,1.59145,0.32438833,1.59158,0.32602987
671,0.302362,0.08903514,0.302362,0.09002042
672,0.0684694,0.019972203,88.2621,71.30028
673,0.448242,0.08336414,84.6142,69.4962
674,0.217556,0.047326975,84.2554,68.57737
675,0.0434111,0.009455936,84.0311,67.81813
676,0.00116183,0.00060041813,83.9128,67.143654
677,0.777266,0.29167557,83.9143,66.59494
678,0.749928,0.18135779,89.8903,66.37863
679,0.541031,0.11674694,0.541031,0.11800912
680,0.0273854,0.00655142,88.8055,66.544655
681,0.16122,0.034167837,0.663152,0.17765386
682,0.374149,0.11242182,0.374149,0.11305096
683,0.127783,0.029234692,0.127783,0.029426657
684,0.327686,0.09850647,88.1375,67.030975
685,0.0369251,0.0146128405,86.7347,67.46115
686,0.594782,0.19411868,71.6994,65.01209
687,0.229338,0.112579,70.8385,65.632835
688,0.0361348,0.018334303,67.4576,64.92543
689,0.785702,0.2772888,0.786144,0.27849245
690,0.0224858,0.010614333,66.6689,65.8347
691,3.98004,2.0791693,66.6813,67.09193
692,0.42006,0.097377,0.42006,0.09797614
693,0.000154087,0.0005418487,0.142288,0.13872698
694,0.269859,0.13233875,0.142154,0.13764672
695,0.210143,0.08016975,0.210143,0.08043386
696,0.112166,0.044436723,0.112166,0.0446043
697,0.000553125,0.00048011693,0.85543,1.0329113
698,0.145378,0.0690017,0.854999,1.025638
699,0.00336693,0.001124411,0.971695,0.94451225
700,0.517656,0.2564735,0.968715,0.94255704
701,0.17183,0.04730924,0.41077,0.16676605
702,0.141528,0.070312314,0.141529,0.070561886
703,0.0974106,0.04821336,0.0974106,0.048426855
704,0.0443691,0.015890732,0.151579,0.16863751
705,0.228952,0.15344635,0.107396,0.1532817
706,1.08611,0.33970544,1.08645,0.34189522
707,0.134278,0.043052696,0.134278,0.04316086
708,0.109302,0.039773528,111.989,66.835144
709,0.0195526,0.014881832,1.45835,0.9743825
710,0.0698871,0.016557328,0.0698871,0.016618393
711,0.214182,0.06870938,1.37123,0.94121575
712,1.10519,0.35548845,1.16458,0.87090546
713,0.095174,0.020050883,1.55391,0.33614916
714,0.971204,0.21822001,0.971204,0.21809474
715,0.487535,0.098114036,0.487535,0.09803096
716,0.531035,0.102653116,0.531035,0.102554
717,0.362302,0.073824875,0.362302,0.07400632
718,0.403601,0.10813469,110.381,66.507515
719,0.00352514,0.0009891791,0.133529,0.09382158
720,0.324336,0.092116855,0.130097,0.09271752
721,0.107439,0.032430492,109.749,66.77062
722,0.0192554,0.020652935,109.607,67.11345
723,0.131905,0.052599702,90.7913,57.197147
724,1.04858,0.34842157,90.347,56.57254
725,1.02382,0.27873132,1.02394,0.2807687
726,0.000801727,0.0005999932,87.9753,55.448254
727,0.376962,0.13444264,1.14252,0.38228804
728,0.228855,0.063341975,0.228855,0.06374115
729,0.255364,0.07172985,0.537672,0.18162444
730,0.352323,0.108150445,0.282476,0.10919388
731,0.00623985,0.007397616,86.8293,54.57573
732,0.922082,0.36307558,86.6502,53.704704
733,0.0268312,0.027372628,84.7138,52.254738
734,0.0982881,0.06764504,84.0581,51.07957
735,0.0139561,0.009475698,1.98076,0.8668833
736,0.790855,0.37697366,1.96535,0.8537464
737,0.207262,0.08553861,0.987607,0.44968647
738,0.763678,0.33289617,0.763678,0.33710802
739,0.0166681,0.022851277,0.0166681,0.023074042
740,0.0875138,0.15659201,81.9307,49.401062
741,0.564492,0.7722924,80.7581,47.814648
742,0.749844,0.22433922,6.69693,2.5618062
743,0.0236022,0.0058830595,4.93999,2.0680432
744,0.0337711,0.008871733,3.75074,1.6068976
745,0.0116928,0.0033915362,3.05088,1.4145619
746,0.980384,0.30597976,3.03986,1.405734
747,0.255313,0.064367235,2.86604,1.0158355
748,1.53457,0.42756718,1.53475,0.43185502
749,0.454815,0.121372476,1.07769,0.51032656
750,0.868185,0.36250582,0.624603,0.38408837
751,0.134412,0.039114762,0.134412,0.039732285
752,0.668543,0.17791833,0.668572,0.17904499
753,1.16655,0.43939847,1.16685,0.4466428
754,1.01854,0.25849637,1.01854,0.26120204
755,1.74687,0.6677543,73.2252,43.63266
756,2.05212,0.5526551,70.4237,42.099865
757,0.021761,0.0051252954,65.6063,40.1747
758,0.218688,0.055503137,0.218688,0.05579083
759,0.14947,0.036809538,65.3613,39.64227
760,0.0650223,0.01734543,64.7683,39.041214
761,1.14811,0.404787,63.3598,38.22812
762,0.275306,0.07354225,0.275306,0.0742026
763,0.482811,0.18510292,61.8591,37.412468
764,0.0942239,0.02467483,1.49528,0.44244945
765,1.38764,0.40422884,1.4009,0.41705182
766,0.253789,0.07697651,59.8501,36.515224
767,0.44752,0.13779648,17.3566,12.664457
768,0.70681,0.19895546,14.7264,11.775612
769,1.14233,0.3516004,12.9433,11.130743
770,0.118585,0.032635093,10.8933,10.376585
771,0.0034669,0.0010911425,8.86331,9.701998
772,0.491545,0.17372702,8.72505,9.595465
773,5.34913,2.5281634,8.24037,9.342526
774,0.209427,0.057330176,0.209427,0.057722144
775,0.267353,0.17149323,5.31907,5.044078
776,0.0455004,0.02378268,0.0455004,0.024019018
777,0.195756,0.11908851,5.00305,4.789862
778,0.201449,0.14539382,4.30569,4.2823744
779,0.307923,0.24633299,0.307924,0.2514374
780,0.236928,0.13169833,3.79511,3.8406122
781,0.272215,0.21860576,0.27223,0.22249117
782,0.364708,0.26356965,3.28554,3.449211
783,0.364528,0.29452965,1.61482,2.3657267
784,0.00036463,0.00077633286,1.02045,1.8244954
785,0.340728,0.48714522,1.02015,1.8021097
786,0.0719007,0.0737438,0.435292,0.6300044
787,0.287375,0.29588613,0.3637,0.5499633
788,0.166022,0.2266434,0.166022,0.22882476
789,0.134799,0.20730369,0.134802,0.20947143
790,0.0576779,0.08067812,0.19607,0.3711638
791,0.0195823,0.046152648,0.0195823,0.046704844
792,0.1188,0.23754354,0.118801,0.24014801
793,0.231937,0.21649262,0.231937,0.21944775
794,0.0225329,0.02021884,1.30607,0.786255
795,0.262863,0.20427099,0.262863,0.2066765
796,0.0327921,0.018978354,1.02053,0.5551166
797,0.398429,0.23187138,0.987484,0.5338369
798,0.531645,0.2855725,0.531923,0.28684837
799,0.0446359,0.030949213,0.501193,0.3397338
800,0.556198,0.29559344,0.45683,0.30660734
801,0.436455,0.17253658,0.839303,0.5249623
802,0.63017,0.33202857,0.40427,0.34757453
803,0.651642,0.23370479,0.651748,0.23562792
804,0.356703,0.13459255,0.356703,0.13597937
805,0.900384,0.3897601,0.900384,0.3957651
806,0.135424,0.036273472,0.135424,0.0363057
807,1.91378,0.55174446,1.91378,0.5559132
808,0.229113,0.07512039,0.920272,0.30845177
809,0.654072,0.21917593,0.654073,0.22063503
810,0.0370863,0.011082988,0.0370863,0.0110880695
811,1.08278,0.33928183,1.08278,0.3401028
812,2.1886,0.6388822,2.18862,0.6440871
813,0.281952,0.07550654,42.2314,23.53615
814,0.534377,0.1345272,41.532,23.253315
815,0.0483539,0.011867226,38.4427,22.112621
816,0.508989,0.12419784,37.4246,21.828514
817,0.768505,0.22363238,0.768505,0.22523601
818,0.237022,0.0609298,36.139,21.471386
819,0.0220874,0.0071671945,35.6507,21.349339
820,0.146162,0.043766122,31.8222,19.555109
821,1.93655,0.6757859,17.8047,12.606806
822,0.945636,0.33491436,7.1946,2.6171193
823,1.13691,0.34278533,3.76571,1.4778924
824,0.01242,0.005715939,0.507787,0.2435024
825,0.417539,0.2103581,0.495279,0.23402599
826,0.0390061,0.010309684,0.0390061,0.010370219
827,0.0185194,0.007499334,2.11117,0.8766862
828,0.523614,0.23574714,2.09177,0.85889053
829,0.0286055,0.009504238,0.0286055,0.009598102
830,0.919145,0.42302138,0.919145,0.42869487
831,0.38755,0.140219,0.38755,0.14233832
832,0.237491,0.07226552,2.47691,0.77936286
833,0.406977,0.12098147,2.23867,0.6991221
834,1.13771,0.28378737,1.77946,0.55510163
835,0.71352,0.20598501,0.64456,0.26730096
836,0.236441,0.05458432,0.236441,0.054881625
837,0.18199,0.082043566,8.66516,9.276354
838,0.677202,0.2528713,0.677202,0.2579744
839,1.39366,0.5873468,7.80831,8.905992
840,0.709482,0.2161842,0.709483,0.21804363
841,0.469032,0.15849315,5.7132,8.050033
842,0.462242,0.21912189,5.24947,7.8416915
843,0.0245332,0.010391372,4.90544,7.098064
844,1.0229,0.50492966,4.88242,6.990279
845,0.085841,0.03774397,3.47614,5.3068376
846,0.417032,0.38572574,3.39537,5.2045317
847,0.168395,0.08726045,4.03795,4.538931
848,0.37326,0.33897817,3.87097,4.421884
849,0.0388314,0.03042944,1.74777,2.178954
850,0.699704,0.76004946,1.70893,2.1357334
851,0.0176911,0.01794087,0.953328,1.2989848
852,0.235272,0.21334079,0.727687,0.88666415
853,0.06053,0.068399504,0.374233,0.53060555
854,0.0622068,0.094544075,0.219058,0.33332616
855,0.120683,0.17522615,0.120714,0.17662819
856,0.036041,0.059037957,0.036041,0.059684042
857,0.0945688,0.1235399,0.0945689,0.12458688
858,0.117008,0.13601108,0.117008,0.13711986
859,0.0044458,0.004045946,0.207916,0.388017
860,0.209794,0.27784693,0.203564,0.38304925
861,0.113345,0.09260891,0.113345,0.09346567
862,0.0189509,0.012889676,1.96683,1.7381837
863,0.242175,0.20864986,0.242175,0.2101135
864,0.332607,0.3150345,1.70565,1.5064809
865,0.0760432,0.06435981,0.883053,0.70533067
866,0.656881,0.47722515,0.807152,0.6359822
867,0.120171,0.09304432,0.120171,0.093742445
868,0.0500237,0.038979262,0.0500237,0.0394928
869,0.024627,0.023351273,0.489564,0.4783313
870,0.128448,0.15727271,0.464582,0.45237657
871,0.0704714,0.05705809,0.304282,0.2794156
872,0.120783,0.109843105,0.120783,0.11078546
873,0.113028,0.10865324,0.113028,0.109540306
874,0.607414,0.35933274,0.722933,0.47610274
875,0.11647,0.11085652,0.115415,0.11389328
876,0.0312182,0.012342781,0.22897,0.20983258
877,0.274643,0.18890809,0.1978,0.1962454
878,0.519002,0.15229969,13.8685,6.8852844
879,0.0085771,0.0039732982,12.2296,6.422177
880,1.55677,0.6269183,6.50937,3.1097777
881,0.0900683,0.034041133,1.61741,0.8635148
882,1.09521,0.39447203,1.30447,0.6323565
883,0.359216,0.2256897,0.210433,0.2344369
884,0.00482329,0.0016195248,0.223741,0.19283895
885,0.448989,0.18464994,0.219033,0.19016656
886,0.964012,0.32525772,3.32872,1.6061904
887,0.822573,0.35099044,0.822813,0.35332948
888,0.0579813,0.032476027,1.54042,0.92209876
889,0.12604,0.06341633,0.26022,0.24328789
890,0.236396,0.17326283,0.134562,0.17862858
891,0.00595291,0.0032983238,1.22235,0.6436318
892,0.770047,0.41967675,0.770064,0.42063206
893,0.446328,0.217775,0.446328,0.2182382
894,0.306458,0.089077815,5.7116,3.2990198
895,0.676365,0.28749517,3.92059,2.5988536
896,0.569998,0.30386117,1.51597,0.7803265
897,0.250821,0.13495785,0.250821,0.13539815
898,0.015559,0.008459594,0.69515,0.3387872
899,0.277656,0.13263522,0.277656,0.13293657
900,0.401935,0.19629447,0.401935,0.19669443
901,0.466158,0.21398664,1.73134,1.5351493
902,0.173929,0.08663083,0.8428,1.0587791
903,0.207924,0.1313096,0.67127,0.9793523
904,0.102395,0.052463803,0.586991,0.85506785
905,0.669455,0.5500562,0.485438,0.80315405
906,0.315396,0.23965572,0.315396,0.24099916
907,0.426003,0.26333976,0.426003,0.26765057
908,1.486,0.61215824,1.48636,0.61496484
909,1.11702,0.29931515,1.11702,0.30054167
910,0.589168,0.15864119,3.80585,1.7867379
911,1.38963,0.4499065,1.38975,0.452513
912,0.0386192,0.012049115,1.83231,1.1743786
913,0.434178,0.1480136,1.17894,0.85723233
914,0.229498,0.12241884,0.752795,0.7074847
915,0.0273496,0.011398858,0.685306,0.5700023
916,0.578037,0.27079406,0.659568,0.5545762
917,0.70181,0.26043436,0.70181,0.26304725
918,0.298619,0.08118083,0.615889,0.30374327
919,0.497724,0.21078123,0.318645,0.21970065
920,0.249395,0.06548523,0.249395,0.06609227
921,0.968574,0.22865404,0.9686,0.23007008
922,0.581471,0.1643289,2.54391,0.9166387
923,0.998051,0.42289028,1.96304,0.7447309
924,0.0431511,0.012052768,0.986361,0.29169685
925,0.480937,0.1524685,0.480937,0.15388194
926,0.462272,0.12226938,0.462272,0.12332907
927,0.402011,0.104167596,0.402011,0.10504968
928,1.32171,0.4321922,1.32176,0.43704918
929,0.409384,0.12763187,0.409384,0.1290537
930,0.485916,0.12643996,2.60034,0.74624753
931,0.538296,0.14962012,2.11542,0.615698
932,0.511402,0.1324237,0.844858,0.25147343
933,0.383638,0.11304222,0.333603,0.11694748
934,0.771415,0.19350338,0.771415,0.19510669
935,0.83743,0.25609428,0.83743,0.2590195
936,0.136708,0.052231643,0.915982,0.54006594
937,1.13384,0.4689493,0.782066,0.4851244
938,0.600983,0.21403363,0.600983,0.2153185
939,0.151299,0.1399824,0.800479,0.323071
940,0.365043,0.09870935,0.365042,0.09894389
941,0.284136,0.08229011,0.284136,0.08244219
942,0.149794,0.076736845,0.149809,0.076775566
943,0.214157,0.0819367,0.214157,0.08210723
944,0.274132,0.06567616,2.11923,0.75207335
945,0.507722,0.12058332,1.36883,0.5460859
946,0.774888,0.25418806,0.865426,0.42560616
947,0.268712,0.06366018,0.268713,0.06385371
948,0.431624,0.105705194,0.431624,0.10606316
949,0.480285,0.13960037,0.480285,0.1401853
950,1.024,0.31177065,16.1937,8.495144
951,0.33487,0.0905412,12.3198,7.3695226
952,0.554218,0.21805318,12.0049,7.311789
953,0.00300009,0.00089259085,0.218845,0.16496715
954,0.454762,0.16428146,0.215902,0.16420697
955,0.153586,0.03911627,0.153586,0.039214607
956,0.585366,0.16399366,12.1459,7.0602455
957,1.7573,0.5035634,10.9165,6.746353
958,0.491453,0.14812759,0.491453,0.14889073
959,0.0632534,0.029546285,8.68848,6.123045
960,0.148334,0.066672735,8.62737,6.1214905
961,0.641696,0.18849689,7.32549,5.707913
962,0.475353,0.12777312,0.475353,0.128161
963,0.000179847,0.0006449194,6.23487,5.4093413
964,0.723101,0.19971894,6.09648,5.3841696
965,3.63282,1.4170694,5.39431,5.195688
966,0.255814,0.056343526,0.255814,0.05659739
967,0.885189,0.22863254,0.885189,0.23015365
968,0.30066,0.07122179,0.30066,0.07178625
969,0.035843,0.011206386,6.87359,2.8882892
970,0.0229383,0.0075404393,5.68891,2.4883606
971,1.63691,0.6784467,5.67195,2.4824603
972,0.619489,0.19236502,0.619489,0.1932971
973,0.00557387,0.0017323699,4.47419,1.5757796
974,0.368894,0.12515974,4.46852,1.5706491
975,0.55231,0.15503368,4.06344,1.413318
976,0.122864,0.036008414,1.37437,0.4551828
977,0.272629,0.084707566,1.16314,0.39225355
978,0.356575,0.116629206,0.356575,0.11775008
979,0.533938,0.18474548,0.533938,0.1866867
980,0.0883683,0.023371907,0.0883683,0.023544075
981,0.192503,0.06081695,2.13752,0.79474705
982,0.729369,0.26211357,0.957983,0.41296726
983,0.311738,0.14136097,0.230876,0.14700721
984,0.211059,0.06957462,0.987359,0.31607044
985,0.479051,0.13828065,0.479064,0.1389969
986,0.297228,0.10521573,0.297228,0.10577978
987,1.02634,0.2776726,1.15235,0.3915094
988,0.250376,0.10959317,0.126998,0.11240132
989,0.146714,0.04327562,0.910549,0.5221653
990,0.356397,0.14040025,0.765331,0.4770552
991,0.500869,0.15891692,0.50087,0.16013098
992,0.0410467,0.015963254,0.352063,0.16368468
993,0.443202,0.14262542,0.311226,0.14687297
994,0.138333,0.04045312,0.138333,0.040629663
995,0.202692,0.05687163,1.28377,0.46425295
996,0.681671,0.23057568,1.08258,0.40582675
997,0.574438,0.16424693,0.574441,0.16526261
998,0.656648,0.18453959,0.656651,0.1849834
999,0.370113,0.107436,2.91019,0.8498016
1000,0.145317,0.058561005,2.54225,0.7430677
1001,2.00189,0.5516326,2.00238,0.5518622
1002,0.465708,0.13308364,0.465708,0.13315767
1003,0.226552,0.049945064,0.226552,0.050159167
1004,0.190097,0.059476137,2.17364,0.48295957
1005,0.271206,0.062593766,1.98462,0.42268896
1006,0.0129108,0.0029618165,1.80472,0.35550755
1007,0.0174917,0.0038518435,1.5313,0.30160215
1008,1.26215,0.23809263,1.26295,0.23893209
1009,0.250801,0.05778449,0.250801,0.0578666
1010,0.260453,0.049511183,0.260453,0.04978183
1011,0.311042,0.13412215,0.311042,0.13521104
1012,0.00871539,0.0044119917,0.223175,0.1273674
1013,0.149237,0.079575256,0.149237,0.080206454
1014,0.0652225,0.04173746,0.0652225,0.04198831
1015,0.05149,0.025028234,0.05149,0.025351984
1016,0.0650733,0.02961061,0.0650733,0.02978708
1017,0.103514,0.035726257,3.27157,1.6369412
1018,0.0988395,0.033752576,3.01554,1.5344114
1019,0.203469,0.12655863,0.203472,0.12715372
1020,0.443548,0.13593224,2.72451,1.379759
1021,0.294699,0.07659082,0.294699,0.07699097
1022,0.0108623,0.0034782933,2.01552,1.1724755
1023,0.210467,0.09789705,2.00701,1.1746676
1024,0.0446517,0.013496074,0.682418,0.25780404
1025,0.106654,0.040742636,0.423043,0.17345554
1026,0.0797796,0.025465729,0.0797796,0.025749065
1027,0.336404,0.10129988,0.336404,0.10226939
1028,0.215441,0.06892383,0.215441,0.06967341
1029,0.637571,0.20300314,0.637571,0.20570272
1030,0.0218096,0.00556848,1.36522,0.62000996
1031,0.232138,0.08266858,1.34442,0.61658454
1032,0.0923571,0.024970517,1.31575,0.46769786
1033,0.0965131,0.030932026,1.15046,0.41968518
1034,0.420453,0.13414456,0.626353,0.266859
1035,0.100548,0.052295487,0.207244,0.13166296
1036,0.230337,0.07848083,0.230337,0.07870376
1037,0.428189,0.11855587,0.428189,0.11985734
1038,0.0733548,0.020804105,0.0733548,0.021023145
1039,0.181336,0.06243324,0.181336,0.06270799
1040,0.163135,0.07217845,0.163135,0.07306281
1041,0.182327,0.06479553,0.561424,0.20227012
1042,0.109425,0.037559815,0.109425,0.03774668
1043,0.269671,0.09825608,0.269671,0.09878449
1044,0.313228,0.06600428,15.0389,3.252029
1045,0.171815,0.03293258,0.171815,0.033073787
1046,0.734524,0.14775479,14.5568,3.1603937
1047,0.0231847,0.004555609,1.64154,0.5001433
1048,0.46957,0.1411466,0.469571,0.14278752
1049,1.14842,0.3447061,1.14874,0.34849754
1050,0.494125,0.08227506,12.1881,2.517268
1051,0.300252,0.04438852,8.25313,1.980788
1052,0.210873,0.03546084,6.56848,1.7848177
1053,0.0898437,0.012960821,0.626743,0.13025497
1054,0.467434,0.10459491,0.467434,0.10578233
1055,0.0694651,0.010256366,0.0694651,0.0103517305
1056,0.0143026,0.002132101,5.73417,1.6267054
1057,0.244768,0.04195599,3.1698,1.3349411
1058,0.10633,0.016435996,2.51239,1.2337053
1059,0.74077,0.14106491,2.18197,1.1856539
1060,0.58639,0.19104451,1.44689,1.0455666
1061,0.353449,0.040983856,0.353449,0.041283816
1062,0.963051,0.30080968,1.77452,0.5996387
1063,0.157824,0.05383382,0.516225,0.20953643
1064,0.257726,0.11543698,0.257726,0.11582553
1065,0.100675,0.03851541,0.100675,0.038777843
1066,0.295199,0.08636449,0.295199,0.08665167
1067,0.0770812,0.024348464,0.618188,0.19755945
1068,0.197343,0.058966037,0.417323,0.12632228
1069,0.10811,0.032092094,0.10811,0.03251145
1070,0.11187,0.033014316,0.11187,0.033411525
1071,0.123784,0.04383834,0.123784,0.04466299
1072,0.227364,0.03542601,0.227364,0.035827067
1073,0.420276,0.06391236,0.420276,0.06449232
1074,1.01991,0.12797424,2.55066,0.2958908
1075,0.641181,0.061950747,0.641181,0.062325
1076,0.889529,0.10342123,0.889529,0.104064554
1077,1.38797,0.15947436,1.38797,0.16044962
1078,0.225458,0.03279307,3.44926,0.46173114
1079,0.0353454,0.0053757625,3.11174,0.41303182
1080,0.188105,0.028008949,1.80333,0.24103245
1081,0.411489,0.057121605,1.46587,0.19085297
1082,0.244761,0.03096646,0.244761,0.031130679
1083,0.809622,0.10000702,0.809622,0.101249754
1084,0.149351,0.02087406,0.149351,0.02098152
1085,0.310483,0.044290233,1.27306,0.16500369
1086,0.212237,0.028795257,0.212237,0.029004188
1087,0.299292,0.03857893,0.750344,0.0909054
1088,0.0438517,0.005484098,0.0438517,0.005523972
1089,0.4072,0.04601003,0.4072,0.046279684
1090,0.112066,0.014593655,0.112065,0.014658392
1091,0.252066,0.053066153,1.23699,0.24701649
1092,0.464455,0.09112501,0.464455,0.09157979
1093,0.520467,0.10016718,0.520467,0.10110534
1094,0.00301003,0.0008449565,0.216258,0.09570722
1095,0.264438,0.081008345,0.213349,0.09447477
1096,0.0481303,0.010968311,0.0481303,0.0110435635
1097,0.152656,0.04005287,0.152656,0.04059554
1098,0.0199153,0.005014241,0.0199153,0.0050629503
1099,0.103154,0.018788703,0.103154,0.01892671
1100,0.138816,0.024926461,0.138816,0.0251671
1101,0.0771062,0.014331114,0.0771062,0.014442448
1102,0.0862495,0.017323172,3.62326,0.9131432
1103,1.02594,0.17804879,2.99414,0.7915138
1104,0.400518,0.11746126,1.993,0.61567265
1105,0.107468,0.019279832,2.61964,0.5039782
1106,0.125977,0.022523755,0.125977,0.0227837
1107,0.0192657,0.002961822,2.38619,0.46243924
1108,0.0501489,0.009015911,1.86579,0.36991453
1109,0.0782853,0.014244118,1.58766,0.3142864
1110,0.19453,0.034519352,1.07843,0.21522859
1111,0.0602793,0.010803849,0.789512,0.16113739
1112,0.18691,0.038442284,0.18691,0.038870506
1113,0.542322,0.10926425,0.542323,0.11037105
1114,0.0943894,0.01855039,0.0943894,0.01872829
1115,0.430947,0.083196454,0.430947,0.0839224
1116,0.227974,0.045617327,0.227974,0.046056256
1117,0.501141,0.088193856,0.501141,0.08917957
1118,0.548122,0.105565354,0.548122,0.10629453
1119,0.197411,0.06597975,0.197411,0.066484675
1120,0.10283,0.031111836,0.145242,0.07683806
1121,0.0846002,0.044517957,0.0425054,0.045410514
1122,0.026268,0.005696811,0.497667,0.11543949
1123,0.316426,0.075988315,0.316426,0.076533884
1124,0.154973,0.032306917,0.154973,0.032518145
1125,0.165721,0.025322562,0.165721,0.025516732
1126,0.126894,0.030122614,0.355694,0.09166912
1127,0.123293,0.03221405,0.123293,0.032459557
1128,0.105507,0.028300572,0.105507,0.028492346
1129,0.0151069,0.026640246,597.082,443.49905
1130,0.0802973,0.02928326,0.0802974,0.029422726
1131,0.0202643,0.019280355,597.117,443.0684
1132,0.042963,0.022220941,0.0681872,0.051158126
1133,0.0121105,0.009863263,0.0121105,0.009910196
1134,0.0131138,0.018764911,0.0131138,0.018879313
1135,0.0237051,0.027935475,597.085,442.83725
1136,0.0388166,0.01875113,0.0682075,0.040175475
1137,0.0114397,0.010045977,0.0114397,0.0101096425
1138,0.0179512,0.011117981,0.0179512,0.011180311
1139,0.808732,0.31842044,597.106,442.8768
1140,0.489174,0.2616703,0.494515,0.26455712
1141,0.00403614,0.012470388,596.089,442.69653
1142,0.251326,0.1618802,4.48123,2.7216349
1143,0.0625937,0.04419098,4.06029,2.4380267
1144,0.195567,0.09828309,0.195568,0.09955668
1145,0.0128343,0.02068092,3.80469,2.2876873
1146,0.0812414,0.059185367,3.13682,1.9824586
1147,0.838024,0.29050905,1.17353,0.40338907
1148,0.00371731,0.00201282,0.291834,0.087773725
1149,0.177392,0.0506311,0.177392,0.05091525
1150,0.110724,0.03398157,0.110724,0.034264874
1151,0.0432592,0.021382773,0.0432592,0.021585783
1152,0.0153655,0.00883566,1.88613,1.5136428
1153,0.122528,0.06799116,1.31628,1.2460816
1154,0.164651,0.13077249,1.19694,1.1770334
1155,0.0872374,0.03934229,0.0872375,0.03974655
1156,0.0382275,0.0123233395,0.915398,0.7993168
1157,0.0328566,0.011302143,0.641657,0.71505284
1158,0.186632,0.09399248,0.609543,0.70552784
1159,0.000166574,0.00055865047,0.749432,0.6145654
1160,0.116554,0.05365694,0.749396,0.614276
1161,0.019678,0.006595688,0.019678,0.006679883
1162,0.00947656,0.002943201,0.799374,0.54699916
1163,0.24485,0.12546897,0.790935,0.54194486
1164,0.19785,0.07099148,0.19785,0.07197961
1165,0.155156,0.0545449,0.653605,0.25794902
1166,0.328959,0.10710225,0.499289,0.2021795
1167,0.164235,0.06297659,0.164235,0.06336865
1168,0.112716,0.02654504,0.112716,0.026659153
1169,0.285829,0.07101533,0.285829,0.07160285
1170,0.236888,0.07306933,0.236888,0.07363436
1171,0.56179,0.19826065,0.56179,0.20067197
1172,0.144183,0.064523354,0.555454,0.25620076
1173,0.147922,0.06265063,0.147922,0.06311081
1174,0.00580367,0.0030338739,0.263349,0.12661701
1175,0.0731759,0.033093084,0.196662,0.09685141
1176,0.0339698,0.015444744,0.0339698,0.015551318
1177,0.0895161,0.04710153,0.0895161,0.04747837
1178,0.0608834,0.02550853,0.0608834,0.02574059
1179,0.378564,0.16510928,0.656086,0.27748802
1180,0.0794933,0.030724954,0.0794933,0.030926282
1181,0.00627488,0.0023902382,0.198017,0.08012174
1182,0.163709,0.06477364,0.163709,0.065068185
1183,0.028033,0.012247501,0.028033,0.012302653
1184,0.172864,0.11435124,0.172864,0.11465181
1185,0.345663,0.14549243,591.748,440.66785
1186,0.0456596,0.07396732,589.581,440.7163
1187,0.180504,0.14739823,0.180512,0.14813852
1188,0.0664818,0.104823165,589.655,441.7226
1189,0.102783,0.11353309,291.979,206.69554
1190,0.128692,0.13885301,0.128809,0.1393803
1191,0.00222953,0.005075394,292.26,209.19818
1192,0.0580072,0.0657537,292.091,211.8281
1193,1.21216,0.7157915,292.449,214.53654
1194,0.342121,0.18763766,0.724824,0.37858376
1195,0.0449042,0.03049223,0.0449042,0.030796945
1196,0.337518,0.15622503,0.337576,0.15731278
1197,0.0685474,0.04928214,0.0685474,0.049653783
1198,0.150287,0.1035259,5.26269,2.4487848
1199,1.17697,0.28732958,1.1775,0.28857413
1200,0.0157408,0.007960755,3.9365,2.0485969
1201,0.133984,0.07488142,3.7717,1.9188249
1202,0.296222,0.07620422,3.22963,1.6147476
1203,0.191817,0.073374696,1.79609,0.5162531
1204,0.165058,0.055750426,0.165058,0.056322053
1205,0.20295,0.048037507,1.43921,0.3838142
1206,0.240493,0.065668516,1.02687,0.28196698
1207,0.159726,0.04213089,0.159726,0.042331904
1208,0.0257022,0.010205994,0.626652,0.17279783
1209,0.560815,0.14493553,0.560816,0.14554608
1210,0.0401342,0.01613929,0.0401342,0.016284779
1211,0.209381,0.052027978,0.209381,0.052230913
1212,0.177601,0.072235554,1.1402,1.0120358
1213,0.255485,0.2788077,0.965834,0.9325258
1214,0.227588,0.10046772,1.47052,0.6161625
1215,0.0824114,0.052911844,1.2398,0.51052773
1216,0.0698808,0.030780027,0.71324,0.28519332
1217,0.493162,0.1918492,0.493259,0.19350684
1218,0.150076,0.05772432,0.150076,0.058384046
1219,0.357866,0.14918005,0.357866,0.15104194
1220,0.411404,0.217961,0.411491,0.2191012
1221,0.149784,0.11149514,0.149784,0.112174585
1222,0.532623,0.15422274,0.532623,0.15521681
1223,0.37197,0.08309925,1.0171,0.23668122
1224,0.331323,0.082874835,0.331324,0.08321205
1225,0.313803,0.069142655,0.313803,0.069439635
1226,0.349727,0.07867829,0.686858,0.19525556
1227,0.111694,0.034726378,0.111694,0.03492425
1228,0.225437,0.07982171,0.225437,0.080373
1229,0.26137,0.0493317,0.26137,0.049505096
1230,0.445723,0.10615717,0.445723,0.10676974
1231,0.00915931,0.0018290709,0.00915931,0.0018400094
1232,0.155444,0.035226766,302.719,225.15404
1233,0.836959,0.15867871,302.772,227.9592
1234,0.204269,0.037492305,8.50076,2.0164256
1235,0.13453,0.026970347,6.04803,1.245522
1236,0.749775,0.14192829,0.749816,0.14229411
1237,0.0187367,0.003511338,5.16377,1.0706232
1238,1.63271,0.28049237,1.63338,0.28159246
1239,0.769882,0.14164273,3.51169,0.78133667
1240,0.937916,0.14477986,0.937917,0.14550366
1241,0.0945904,0.017803853,1.80502,0.49135298
1242,1.00736,0.20979951,1.00736,0.21067497
1243,0.472915,0.08805369,0.703495,0.26114586
1244,0.43544,0.16832174,0.231425,0.17206033
1245,0.297467,0.055672083,2.25184,0.72525215
1246,0.551626,0.102459714,0.978757,0.22510418
1247,0.0307659,0.0064009195,0.315512,0.09913862
1248,0.108451,0.03389393,0.284975,0.0925268
1249,0.273306,0.0576693,0.273306,0.057778053
1250,0.112406,0.02277773,0.112406,0.022855103
1251,0.167222,0.030113034,0.979688,0.44259748
1252,0.297046,0.109976865,0.815187,0.41159385
1253,0.00141423,0.0006486349,0.899267,0.2552918
1254,0.489021,0.10808207,0.489022,0.10855134
1255,0.0447691,0.010982678,0.40887,0.14522621
1256,0.450758,0.13138023,0.364576,0.13382713
1257,0.231051,0.041586764,0.231051,0.04167736
1258,0.01831,0.0051082065,293.898,228.5464
1259,0.000514841,0.00069029443,293.665,231.94066
1260,0.0103467,0.0026975924,292.943,233.91556
1261,9.07856,2.1153014,292.956,237.15219
1262,0.344271,0.07314746,0.344271,0.073435925
1263,0.670535,0.13590547,0.670535,0.13681336
1264,0.52874,0.1088919,0.52874,0.11056508
1265,0.550925,0.084124066,1.06189,0.5847792
1266,1.18709,0.3039732,0.512455,0.50469506
1267,3.97046e-05,0.00062691176,0.1964,0.20999144
1268,0.650692,0.21175802,0.196396,0.21107222
1269,0.484168,0.06983153,0.484168,0.06999476
1270,0.773799,0.11475542,10.2322,1.7461305
1271,1.2628,0.18083699,9.07745,1.5512155
1272,0.341523,0.051042933,7.5044,1.3220514
1273,0.0484465,0.0074743074,1.24286,0.17165634
1274,0.879032,0.11890905,0.879032,0.11933549
1275,0.315378,0.043919675,0.315378,0.044094108
1276,0.220708,0.032478053,5.9188,1.0950978
1277,0.49892,0.077643916,5.04902,0.9621422
1278,0.881454,0.12680098,0.881454,0.12737523
1279,0.259827,0.051985003,3.66749,0.75292987
1280,0.134377,0.0334027,0.134377,0.033624202
1281,0.192183,0.044228572,3.27284,0.66323036
1282,0.62341,0.14014775,2.6771,0.51007354
1283,1.74966,0.28035527,1.7502,0.28193903
1284,0.303054,0.084743544,0.303054,0.0853354
1285,0.4032,0.10476871,0.4032,0.10541481
1286,0.648768,0.09620911,0.648768,0.09653493
1287,0.306525,0.043726478,0.306525,0.043887347
1288,0.375201,0.074685544,0.375202,0.07500684
1289,0.000164711,0.00078337174,264.283,234.60448
1290,0.383166,0.08783824,0.383166,0.08822232
1291,0.218682,0.08370605,263.899,237.34816
1292,0.0425084,0.017770717,263.645,244.55215
1293,0.639985,0.20577033,262.956,245.7336
1294,0.778812,0.15196937,0.778812,0.15355584
1295,0.0977572,0.03278836,261.587,246.92458
1296,0.321841,0.10009079,260.904,247.92766
1297,2.00988,0.6359308,257.664,242.45389
1298,0.0537605,0.029993555,254.638,242.97784
1299,2.01903,0.63128126,158.719,207.70059
1300,0.377095,0.13953047,148.857,205.36427
1301,1.17331,0.23635665,2.70298,1.1231135
1302,0.635657,0.37047103,1.54075,0.8776399
1303,1.27071,0.49096662,1.27071,0.49557933
1304,0.106613,0.019083692,145.821,205.12338
1305,0.640026,0.13815093,0.640027,0.1387149
1306,0.0587621,0.016944652,145.093,205.72583
1307,0.121069,0.03940015,143.406,206.01624
1308,1.43734,0.29379156,1.43734,0.2946462
1309,0.174629,0.038025867,141.879,206.10565
1310,1.09133,0.30109012,140.911,205.8993
1311,0.387811,0.17695527,0.387811,0.1778292
1312,0.231446,0.11711875,139.508,205.08223
1313,13.6632,10.067401,139.313,204.49101
1314,0.0140177,0.006310284,0.0140177,0.0063553406
1315,0.832747,0.50611436,0.832747,0.5134562
1316,0.166624,0.064595215,1.19242,0.8330778
1317,0.4715,0.25450897,1.0276,0.75452936
1318,0.384129,0.18361826,0.908606,0.46892887
1319,0.548406,0.27038917,0.524663,0.28000864
1320,0.0974518,0.035691362,0.693405,0.25965676
1321,0.587201,0.2164051,0.587201,0.21830352
1322,0.00875178,0.0031827632,0.00875178,0.0032176096
1323,0.494993,0.21328045,0.494993,0.21491094
1324,0.136536,0.057252508,0.136536,0.05754427
1325,0.488928,0.3099722,2.27973,1.4630971
1326,0.201821,0.1395129,0.201821,0.14173442
1327,0.123911,0.08632659,1.58856,1.0035865
1328,0.313265,0.17745048,0.313265,0.17974918
1329,0.0182754,0.01023812,1.15091,0.73575234
1330,0.130912,0.11724278,1.13251,0.7264388
1331,0.411185,0.2867787,0.411185,0.28908002
1332,0.514117,0.3035196,0.514117,0.30561385
1333,0.203647,0.11999401,3.175,1.8689194
1334,0.458577,0.20173216,2.5735,1.4699832
1335,0.180745,0.10262297,0.824641,0.5611049
1336,0.730442,0.43192297,0.644521,0.45440143
1337,1.29099,0.68269974,1.29099,0.69243354
1338,0.398132,0.25627214,0.398132,0.26094642
1339,0.541313,0.18549165,0.54134,0.18741149
1340,0.560808,0.1807754,0.56081,0.1829966
1341,0.00052131,0.0009154053,0.964728,0.34347016
1342,0.158627,0.09281826,0.964159,0.33945227
1343,0.691328,0.2265774,0.691328,0.22884864
1344,0.324419,0.12358391,4.99143,6.2655044
1345,0.0979828,0.038798228,0.622249,0.25172395
1346,0.25994,0.099969305,0.25994,0.10133894
1347,0.264326,0.10613753,0.264326,0.10794605
1348,0.367168,0.14556381,4.07317,5.6500483
1349,0.143141,0.08075724,3.72168,5.292148
1350,0.0466898,0.017823244,4.33216,4.640977
1351,0.789816,0.4572115,4.29014,4.526674
1352,0.277806,0.076435015,0.743657,0.36698845
1353,0.289812,0.107900605,0.4675,0.28864667
1354,0.0645012,0.019501757,0.368187,0.17360687
1355,0.40971,0.14877415,0.303947,0.1537101
1356,0.00524529,0.0016005889,6.15057,3.0134487
1357,0.638119,0.26450938,6.14571,2.9886813
1358,1.39818,0.441486,1.39818,0.4460302
1359,0.881865,0.260354,1.51583,0.7706211
1360,0.67874,0.3002644,0.639241,0.5078634
1361,0.000184602,0.0009940293,0.523219,0.20183577
1362,0.229665,0.08894153,0.523047,0.20132561
1363,0.337978,0.1098155,0.337978,0.11024733
1364,1.92289,0.73463327,3.21279,1.434242
1365,0.166821,0.06413864,0.166821,0.06443887
1366,0.123048,0.045991622,1.12768,0.6272255
1367,0.193257,0.1222283,1.00528,0.58004427
1368,0.72794,0.2929174,0.72794,0.29570422
1369,0.0894026,0.03770777,0.229769,0.14894918
1370,0.213286,0.10917629,0.140671,0.11148732
1371,0.886487,0.44250444,0.88649,0.44976383
1372,1.34157,0.59420234,1.34157,0.6073301
1373,0.28798,0.15906748,6.92371,5.84276
1374,0.382019,0.16916214,0.382019,0.17232922
1375,2.30421,1.1097564,6.26164,5.4433565
1376,1.46374,1.1709325,4.00515,4.278816
1377,0.151443,0.0973023,3.91012,2.3967674
1378,0.605928,0.41867295,0.605929,0.42600566
1379,0.104645,0.05636647,3.15269,1.8502088
1380,0.76438,0.3995949,2.71146,1.6134019
1381,0.932944,0.6237192,0.932946,0.63224417
1382,1.01409,0.55703026,1.0141,0.5642556
1383,0.336577,0.16018762,0.336577,0.16277753
1384,0.775685,0.5019029,0.775685,0.51204985
1385,0.282031,0.13570401,0.282031,0.13865007
1386,0.625771,0.32077163,2.10544,1.1975932
1387,0.160237,0.099075325,0.160237,0.10083959
1388,1.3187,0.7470334,1.3189,0.7601696
1389,0.8894,0.7783504,74.2529,71.01312
1390,0.59072,0.5442807,0.59072,0.55347794
1391,1.03778,0.69414383,72.4509,69.591064
1392,0.21085,0.15500624,0.21085,0.15721834
1393,0.049242,0.031165728,70.7554,68.63882
1394,0.0314027,0.02246948,2.7624,2.5548465
1395,0.791639,0.671812,0.791698,0.68243444
1396,0.358618,0.37070835,1.93911,1.8198637
1397,0.220465,0.22236766,0.730627,0.57886374
1398,0.190873,0.13135137,0.190873,0.13296434
1399,0.00678312,0.0055447672,0.31929,0.21763249
1400,0.185918,0.11282499,0.185918,0.11375755
1401,0.126589,0.095774144,0.126589,0.09666998
1402,0.848589,0.83504343,0.848751,0.85100424
1403,1.01567,0.782928,67.8724,65.9533
1404,0.593957,0.4040181,0.593957,0.41136077
1405,0.545393,0.30623785,65.96,64.656784
1406,0.161386,0.09521899,64.4601,63.872166
1407,0.388959,0.20212351,0.388959,0.20520346
1408,0.00248573,0.001303209,63.7324,63.491707
1409,0.159312,0.09079553,63.4504,63.27675
1410,0.195571,0.094239116,56.3357,58.78142
1411,0.0276304,0.0133026345,55.5537,58.310505
1412,0.297629,0.16354737,54.9895,57.852222
1413,0.00754528,0.0050535765,54.0436,57.347294
1414,0.0199303,0.009950449,1.97702,1.2464398
1415,0.519179,0.33014342,0.51918,0.33540377
1416,0.479385,0.29072458,1.43783,0.8897177
1417,0.571306,0.3458991,0.957596,0.59041464
1418,0.340572,0.2080991,0.340572,0.21157743
1419,1.01235,0.66680753,52.0379,55.93534
1420,0.0093379,0.0059145493,30.2811,29.976192
1421,0.443138,0.28172526,0.443142,0.283789
1422,0.572062,0.44225723,29.8173,29.596558
1423,0.443109,0.27371258,1.75142,1.2746849
1424,0.173641,0.115691446,1.22801,0.9457357
1425,0.555183,0.40583357,0.792776,0.62172395
1426,0.176426,0.15619157,0.176426,0.15781003
1427,0.0595606,0.052956346,0.0595606,0.053541057
1428,0.26018,0.19831783,0.26018,0.20035447
1429,0.078906,0.04381109,0.078906,0.04414641
1430,0.29326,0.17489678,27.2971,27.780468
1431,0.0101509,0.0062323604,26.7242,27.434309
1432,0.383644,0.25024456,2.17702,1.9705902
1433,0.114161,0.08203866,0.114161,0.08252109
1434,0.0754281,0.045413766,1.66547,1.6213365
1435,0.592216,0.5248842,1.39827,1.4311935
1436,0.0516242,0.040307354,0.419882,0.58439213
1437,0.158814,0.17731574,0.368833,0.53759503
1438,0.0590856,0.06194837,0.0590856,0.06311977
1439,0.0371045,0.034550924,0.218697,0.26525798
1440,0.169526,0.21022864,0.181581,0.22596706
1441,0.381575,0.30654982,0.381782,0.31059062
1442,0.190767,0.13026588,0.190767,0.13070324
1443,0.0158841,0.01084162,24.5259,25.345547
1444,0.00140616,0.0009841261,1.16694,0.80145353
1445,0.475139,0.3174348,0.47608,0.3195008
1446,0.686516,0.47145775,0.689425,0.47437584
1447,0.123853,0.076066054,23.3212,24.44234
1448,0.018325,0.011558497,17.2467,20.323133
1449,0.0538155,0.039467502,16.3814,19.672377
1450,0.761031,0.45760664,15.9608,19.362415
1451,0.0907685,0.056071796,14.7249,18.636642
1452,0.131594,0.12010826,0.131639,0.12150081
1453,0.00664267,0.004094334,14.4823,18.381958
1454,0.0248287,0.01602798,13.9903,18.035233
1455,0.13239,0.12174389,11.363,15.526178
1456,0.418693,0.38726267,10.8764,15.013469
1457,0.164893,0.16889025,6.97381,10.247665
1458,0.0950299,0.25627986,6.77246,10.020611
1459,0.0618252,0.099276826,1.10059,1.5358807
1460,0.0734783,0.12926726,1.03401,1.4217222
1461,0.367407,0.41708696,0.371097,0.42407727
1462,0.0185332,0.024772372,0.426123,0.79998857
1463,0.197528,0.36511496,0.407693,0.7642333
1464,0.0409176,0.054316275,0.269399,0.35751563
1465,0.184947,0.28201473,0.22801,0.29869327
1466,0.00292087,0.004563479,1.647,2.8736453
1467,0.0886629,0.16209319,0.0886629,0.1654886
1468,0.0928687,0.1659782,1.5552,2.6739612
1469,0.303064,0.48762882,1.37736,2.3473213
1470,0.122378,0.18670264,0.399454,0.7432498
1471,0.0897311,0.17101665,0.089734,0.17454705
1472,0.00783576,0.012108971,0.187218,0.36932665
1473,0.0985803,0.20077235,0.0986106,0.20497367
1474,0.080737,0.14251234,0.0807535,0.14556971
1475,0.0276556,0.03956194,0.675176,1.0874912
1476,0.148155,0.29721552,0.648121,1.0346948
1477,0.0250425,0.036921218,0.613178,0.68375826
1478,0.120933,0.20501395,0.586618,0.6387834
1479,0.300416,0.393243,0.302441,0.3987819
1480,0.0833162,0.12647028,0.0833163,0.1294872
1481,0.0310206,0.073103935,2.88932,5.0055714
1482,0.0360431,0.06967817,2.70468,4.5581985
1483,0.0974726,0.20073798,2.65611,4.445311
1484,0.00408161,0.0053726593,2.19617,4.0495057
1485,0.0551728,0.10060764,1.3572,2.0458367
1486,0.0745021,0.11539665,0.0745021,0.117005706
1487,0.000468878,0.001145932,1.22077,1.7982559
1488,0.00689255,0.008761027,0.869926,1.0719197
1489,0.110886,0.2052922,0.86122,1.0452613
1490,0.469204,0.7596229,0.469586,0.7755685
1491,0.34849,0.68507004,0.349948,0.69834006
1492,0.170153,0.41529673,0.833635,1.9422436
1493,0.286036,0.6169091,0.609352,1.426955
1494,0.0584349,0.17996158,0.320456,0.78813887
1495,0.000167331,0.0012876554,0.196378,0.42284647
1496,0.14789,0.3822199,0.196201,0.41175658
1497,0.0715443,0.13756795,0.0715443,0.13984789
1498,0.0477191,0.07148275,0.0477191,0.0726534
1499,0.139144,0.32523447,0.139266,0.33239922
1500,0.119071,0.13285044,3.43234,4.2943172
1501,0.00308199,0.0034331237,3.05227,3.7371302
1502,0.0674912,0.111914314,1.80522,2.4408262
1503,0.320382,0.41552955,0.320558,0.42330724
1504,0.0638916,0.08098246,1.41296,1.8738542
1505,0.161062,0.21913472,1.07923,1.5231495
1506,0.151611,0.20001309,0.387087,0.61250746
1507,0.0918984,0.1463845,0.0918984,0.14818558
1508,0.14161,0.24982372,0.14161,0.25441223
1509,0.114515,0.13509947,0.528076,0.66849786
1510,0.208269,0.29314128,0.208269,0.29930666
1511,0.205267,0.2204659,0.205268,0.22320417
1512,0.266833,0.23995988,0.267271,0.24290624
1513,0.156619,0.12545638,1.2433,1.2534412
1514,0.515462,0.6693977,1.08674,1.1177773
1515,0.00311573,0.0028290374,0.493184,0.31542665
1516,0.0955717,0.08423587,0.489714,0.31009293
1517,0.201175,0.127595,0.201175,0.12825294
1518,0.0835768,0.08603511,0.0835768,0.08685022
1519,0.0985934,0.06189567,0.0985934,0.06224738
1520,0.0324046,0.027678464,0.0324046,0.027844837
1521,0.213893,0.308988,0.253631,0.37352055
1522,0.00218811,0.004057989,0.00218811,0.0041615414
1523,0.0357793,0.051944077,0.0357793,0.053042896
1524,0.0677515,0.07081886,0.324923,0.3148541
1525,0.207199,0.1941997,0.207323,0.19764765
1526,0.04967,0.040872585,0.04967,0.04142937
1527,0.136165,0.1494847,2.5915,2.4028022
1528,0.152214,0.13110065,1.57078,1.5915391
1529,0.0914421,0.083343826,0.338404,0.41375777
1530,0.161478,0.22125025,0.246874,0.32454112
1531,0.0731171,0.082462825,0.0731171,0.083702065
1532,0.563203,0.45911464,1.07568,1.0272545
1533,0.108519,0.10184828,0.108519,0.10348185
1534,0.0162021,0.017781869,0.38138,0.45248646
1535,0.167622,0.20406418,0.167763,0.20740606
1536,0.197367,0.21580777,0.19737,0.218994
1537,0.124163,0.11333905,0.864148,0.6392702
1538,0.0775498,0.09656319,0.736106,0.5185947
1539,0.326309,0.26426092,0.326313,0.26786253
1540,0.183182,0.12428461,0.183182,0.12518704
1541,0.478876,0.2529709,0.47901,0.25461754
1542,0.298125,0.19354577,0.298221,0.19519189
1543,0.340301,0.18689261,0.340301,0.18802387
1544,0.82678,0.5534145,0.829319,0.55605435
1545,1.03238,0.7153235,5.87392,3.9450507
1546,0.0578201,0.041490834,4.76471,3.2069204
1547,0.188705,0.12611797,4.46701,2.7180753
1548,0.032555,0.022848025,4.0115,2.3853803
1549,0.0373416,0.026422758,2.61407,1.4279795
1550,0.669877,0.37225416,0.672025,0.37319496
1551,0.172569,0.09833774,1.90443,1.0221889
1552,0.99654,0.47230414,0.996549,0.4728926
1553,0.207155,0.12115502,0.735172,0.4458053
1554,0.134649,0.07760049,0.475751,0.28915533
1555,0.142295,0.09502295,0.142295,0.095555186
1556,0.198802,0.113280885,0.198802,0.11392294
1557,0.0522403,0.032158025,0.0522403,0.032394264
1558,0.123307,0.079307616,1.36436,0.9241328
1559,0.716369,0.39083192,0.838817,0.505782
1560,0.134596,0.10951073,0.121447,0.11241107
1561,0.0239329,0.01410252,0.402086,0.33456904
1562,0.151069,0.07469932,0.151069,0.07508671
1563,0.106626,0.05455288,0.227168,0.24289848
1564,0.158922,0.1762131,0.12085,0.18612853
1565,0.123118,0.08790502,0.263062,0.19321734
1566,0.160068,0.10245283,0.139987,0.10433326
1567,0.0208856,0.012037852,0.239315,0.4283854
1568,0.28779,0.35101163,0.218692,0.4109223
1569,0.0554826,0.0340834,0.0554826,0.034524675
1570,0.00873416,0.0051702224,0.00873416,0.005205679
1571,0.101043,0.058711722,0.101043,0.05931036
1572,0.734007,0.5616571,20.3878,25.099056
1573,0.617864,0.431783,19.223,24.277859
1574,0.333098,0.21070662,0.3331,0.2131897
1575,0.0268051,0.017254917,18.2128,23.481308
1576,0.0397542,0.025697676,17.7013,23.032362
1577,0.328813,0.22770482,5.08253,4.271821
1578,0.0655306,0.045315307,3.49813,3.1991048
1579,0.247931,0.17392038,0.247931,0.17532006
1580,0.186602,0.1359724,3.17757,2.9591596
1581,0.402346,0.26889485,2.8091,2.6805086
1582,0.127994,0.10197704,0.127994,0.10371056
1583,0.022904,0.016158383,2.25438,2.2919884
1584,0.0305157,0.019410368,0.0305157,0.019726045
1585,0.176002,0.13764918,2.1958,2.2360442
1586,0.193452,0.19758397,0.193457,0.20118885
1587,0.126052,0.1098602,1.81918,1.8762143
1588,0.229843,0.20429184,1.68395,1.7463508
1589,0.105294,0.11991493,0.347885,0.39587528
1590,0.10947,0.12936404,0.10947,0.13159415
1591,0.133086,0.1360449,0.133086,0.13839021
1592,0.063611,0.07194533,0.806345,1.0488787
1593,0.00251691,0.002906042,0.646079,0.861415
1594,0.0802533,0.09881907,0.486178,0.64892614
1595,0.0172717,0.021409655,0.130225,0.21289934
1596,0.0578775,0.10104676,0.0578775,0.10364388
1597,0.0550758,0.08134846,0.0550758,0.08317878
1598,0.275575,0.31910732,0.275577,0.32509583
1599,0.157371,0.19190459,0.157371,0.195026
1600,0.0964031,0.0969207,0.0964032,0.098737925
1601,0.160829,0.12340964,0.160829,0.12500097
1602,0.25587,0.15463895,1.23626,0.81600094
1603,0.442738,0.25605124,0.894016,0.59614164
1604,0.309748,0.23377459,0.309749,0.2368324
1605,0.140844,0.09674164,0.140844,0.09770178
1606,0.0858744,0.056187637,0.0858744,0.056977537
1607,0.354655,0.23967086,12.5721,18.57597
1608,0.0520264,0.03187968,1.69415,1.5979948
1609,0.534432,0.4341862,1.64331,1.550749
1610,0.714515,0.4889026,1.901,1.053345
1611,0.451649,0.27228135,1.18395,0.5549577
1612,0.561154,0.2517236,0.561154,0.25518405
1613,0.218088,0.10719916,10.5038,16.59049
1614,0.141562,0.09292799,8.81832,15.531178
1615,0.00558332,0.0034783024,0.54434,0.3289369
1616,0.26865,0.1468218,0.268745,0.14811662
1617,0.270001,0.16799715,0.270001,0.17151155
1618,0.0656608,0.040765584,8.1156,14.9424515
1619,0.350375,0.2565595,7.08008,14.053125
1620,0.0353054,0.02757891,6.68527,13.6678295
1621,0.0471524,0.03293223,6.4968,13.431097
1622,0.130964,0.07457753,0.130964,0.075053155
1623,0.089049,0.064055994,6.31525,13.223734
1624,0.31942,0.25034425,0.628741,0.5746706
1625,0.148483,0.11566055,0.148483,0.11674261
1626,0.0853348,0.07292848,0.160664,0.20408332
1627,0.0962156,0.123917736,0.0754401,0.12975147
1628,0.0280117,0.033127014,5.58344,12.479725
1629,0.21427,0.25218955,5.37234,12.124538
1630,0.105027,0.1324192,0.105027,0.1338349
1631,0.0199145,0.02540993,5.03371,11.663113
1632,0.150968,0.21458189,4.81927,11.243283
1633,0.103167,0.13028312,4.50515,10.773164
1634,0.00526725,0.008450733,4.25786,10.369755
1635,0.034348,0.083055496,4.08677,10.0285635
1636,0.0354581,0.08711719,0.0354581,0.088346474
1637,0.0973919,0.19524387,4.01052,9.784643
1638,0.000740355,0.0018521753,2.38016,6.72919
1639,0.0528234,0.12986849,0.378428,0.92376006
1640,0.0474155,0.11989294,0.289712,0.6935686
1641,0.0593805,0.10825348,0.213156,0.48710284
1642,0.0275562,0.04663743,0.0275562,0.046937242
1643,0.00912139,0.014802722,0.127004,0.3311168
1644,0.0208929,0.03517355,0.0208929,0.035345264
1645,0.00262724,0.004347811,0.0971736,0.28072843
1646,0.0407613,0.094945386,0.0946376,0.27626804
1647,0.000466167,0.00073117064,0.0883146,0.17887077
1648,0.0117928,0.03388036,0.0878553,0.17777175
1649,0.040323,0.066386685,0.040323,0.06679352
1650,0.0403527,0.07110142,0.0403527,0.072088435
1651,0.0294654,0.0836424,0.0294671,0.08449787
1652,0.0357365,0.095103264,0.0357438,0.096049905
1653,0.105595,0.26909006,2.00096,5.761376
1654,0.00402666,0.0105553605,0.650965,1.8761113
1655,0.0462314,0.1063053,0.0462318,0.10731886
1656,0.0321001,0.09100769,0.600812,1.7522073
1657,0.0392591,0.09719466,0.501828,1.4987278
1658,0.00103131,0.002450601,0.423149,1.3094323
1659,0.0420675,0.11811033,0.217553,0.6486817
1660,0.0857897,0.21531978,0.176493,0.528974
1661,0.0116365,0.027190117,0.061163,0.16842094
1662,0.029652,0.085285254,0.029652,0.08624221
1663,0.0198741,0.05230792,0.0198741,0.053076614
1664,0.016225,0.029803531,0.0711751,0.131171
1665,0.0385305,0.06880153,0.0385697,0.06904917
1666,0.0162897,0.031782582,0.0162897,0.031902637
1667,0.0188673,0.047366712,0.204702,0.65611154
1668,0.0541955,0.13852476,0.186253,0.60757864
1669,0.022517,0.03757752,0.0799032,0.18302555
1670,0.0148453,0.027431812,0.0148453,0.027561266
1671,0.00945092,0.017831285,0.0425909,0.11774033
1672,0.0450101,0.09860797,0.033192,0.09992089
1673,0.0339471,0.08660064,0.0918034,0.27557197
1674,0.021445,0.047106486,0.021445,0.0474288
1675,0.00788853,0.02185212,0.0362984,0.13963738
1676,0.0346693,0.11209935,0.0284276,0.116848394
1677,0.0403946,0.08847065,0.0403993,0.08921323
1678,0.0673263,0.15683267,0.0673573,0.15808314
1679,0.00593594,0.01838388,1.24416,3.573426
1680,0.0521002,0.15195502,0.0521105,0.15408966
1681,0.0102938,0.028316623,1.18613,3.3659077
1682,0.0628716,0.22579929,1.17588,3.3114247
1683,0.0339732,0.09215828,1.08474,2.8762662
1684,0.0358816,0.11746163,0.0358816,0.119807705
1685,0.00178209,0.0051608616,1.01503,2.6417284
1686,0.353566,0.89847165,1.01325,2.6163058
1687,0.154505,0.32157663,0.155437,0.3257485
1688,0.114524,0.20983323,0.114529,0.2107889
1689,0.111111,0.15936437,0.111111,0.160043
1690,0.0161025,0.026635073,0.318249,0.9020035
1691,0.168107,0.5928911,0.262129,0.7846134
1692,0.0788903,0.15494874,0.0789966,0.15603837
1693,0.012748,0.023165539,0.012748,0.023362609
1694,0.0394397,0.07513427,0.0394397,0.07607806
1695,0.0310664,0.06783659,0.0310664,0.06897156
1696,0.0283997,0.0656638,1.52628,2.7971437
1697,0.00169718,0.0033192448,0.831384,1.5392096
1698,0.00846692,0.01825845,0.117328,0.3178545
1699,0.0156526,0.032339364,0.0156526,0.03289658
1700,0.00703959,0.014739674,0.0932485,0.26463145
1701,0.0134343,0.049085394,0.0862419,0.24815573
1702,0.0808996,0.18475111,0.0811367,0.18711366
1703,0.106933,0.215959,0.712253,1.20903
1704,0.169208,0.23860046,0.170553,0.24000964
1705,0.0472691,0.07144505,0.432896,0.7430129
1706,0.0258136,0.042813838,0.235955,0.34689152
1707,0.0780948,0.11098476,0.0780948,0.11212736
1708,0.132046,0.18600474,0.132047,0.18820098
1709,0.0574946,0.08110162,0.149676,0.3178826
1710,0.0484288,0.12252736,0.0921983,0.23332816
1711,0.0455336,0.094324626,0.0455399,0.09620211
1712,0.0374659,0.061090276,0.664379,1.1748857
1713,0.545607,0.8843061,0.627206,1.1038176
1714,0.167216,0.15690926,0.167216,0.15934515
1715,0.12364,0.1583049,0.164388,0.2610334
1716,0.0531918,0.09444139,0.0408086,0.10023282
1717,0.132242,0.18975364,0.132264,0.19225098
1718,0.00164059,0.0020075734,0.152492,0.18308857
1719,0.0421524,0.052163318,0.0421524,0.05276411
1720,0.108699,0.1256173,0.108699,0.12661801
1721,0.190631,0.32276678,0.19075,0.32746866
1722,0.178136,0.21010464,0.178137,0.21327667
1723,0.149561,0.10220546,0.149561,0.10318008
1724,0.0163454,0.012427246,0.0163454,0.012591327
1725,0.321261,0.20652348,0.960967,0.6894265
1726,0.100481,0.07002716,0.506637,0.37756616
1727,0.198757,0.1534171,0.198757,0.15560193
1728,0.207397,0.14456807,0.207397,0.14675742
1729,0.133057,0.09293272,0.133056,0.09483492
1730,0.240903,0.12131534,1.45809,0.7832656
1731,0.392699,0.22881806,0.392727,0.23129757
1732,0.824384,0.41804808,0.824384,0.4216784
1733,0.474983,0.28597018,0.474996,0.2903966
1734,0.244968,0.16799723,0.244968,0.17028144
1735,0.392658,0.20079207,0.392658,0.20412974
1736,0.496061,0.3088519,0.496071,0.31425768
1737,0.496584,0.2450374,0.496584,0.24895522
1738,0.137645,0.06625007,6.8472,4.2923455
1739,0.512772,0.3411833,6.70353,4.212381
1740,0.308773,0.13165744,0.308773,0.13377364
1741,0.0369527,0.0175238,5.47575,3.60614
1742,0.262233,0.12302168,3.11498,2.4894104
1743,0.332271,0.17611505,2.53491,2.1917806
1744,0.0640837,0.037860215,1.63292,1.6823636
1745,1.02393,0.7695596,1.56945,1.6304705
1746,0.13689,0.08959252,1.05601,0.78084207
1747,0.679723,0.3727927,0.679723,0.37750483
1748,0.067615,0.04477134,0.239672,0.30661532
1749,0.243037,0.24568783,0.172205,0.25826925
1750,0.572808,0.31010765,0.572808,0.31449383
1751,0.31954,0.15028547,0.31954,0.15266807
1752,1.41389,0.59437764,2.32411,1.0745131
1753,0.696117,0.28968316,0.696117,0.29359135
1754,0.00641345,0.0036357807,0.214878,0.17566416
1755,0.224504,0.11411097,0.208587,0.170852
1756,0.120747,0.050687797,0.120747,0.051293436
1757,0.267704,0.13034652,0.267704,0.13195872
1758,0.648253,0.38747096,0.648253,0.39249378
1759,0.349621,0.17204376,0.349621,0.17542373
1760,0.280326,0.11139659,3.51083,6.358494
1761,1.36894,1.4140855,3.23929,6.1376057
1762,0.156199,0.076113224,0.156199,0.0770736
1763,0.0257586,0.013419225,0.730309,0.5593757
1764,0.776185,0.50649863,0.704722,0.53960115
1765,0.00777544,0.0051970775,0.65084,1.6144825
1766,0.0467946,0.06659805,0.643208,1.5753835
1767,0.0343087,0.02521656,0.63669,1.4078976
1768,0.21843,0.26033208,0.602637,1.3645386
1769,0.209144,0.15722214,0.488686,1.0448514
1770,0.201954,0.2536441,0.2806,0.87819695
1771,0.00717218,0.005850816,0.223294,0.5941271
1772,0.0360044,0.058544643,0.216253,0.58443797
1773,0.000322187,0.0010203483,0.270446,0.5000913
1774,0.420507,0.4716266,0.270152,0.49406973
1775,0.256411,0.19779347,1.44496,1.4688234
1776,0.0371681,0.029695742,0.81176,0.7168383
1777,0.590265,0.5484329,0.590265,0.55435747
1778,0.184326,0.12402305,0.184326,0.12535974
1779,0.00160318,0.0013911334,0.378594,0.5404947
1780,0.124107,0.13583595,0.377107,0.53555924
1781,0.0517673,0.0474466,0.419279,0.37707862
1782,0.379312,0.31300747,0.36759,0.32631776
1783,0.474955,0.3011595,0.771331,0.5608404
1784,0.217442,0.19541293,0.217442,0.19731191
1785,0.0789323,0.057052415,0.0789323,0.057384357
1786,0.529379,0.29140738,1.79278,1.2344056
1787,0.400543,0.24980639,0.400543,0.25378722
1788,0.862663,0.6639826,0.862765,0.67369705
1789,0.0807465,0.046331957,58.1077,86.48716
1790,0.245555,0.14353411,57.6983,85.10161
1791,0.188291,0.097246565,51.3822,81.04648
1792,1.82362,1.2263509,1.83047,1.244371
1793,0.650324,0.24790299,49.3633,78.13885
1794,0.202647,0.08987879,46.8614,75.73428
1795,0.611384,0.30343667,43.8117,73.06979
1796,0.459344,0.24326217,43.1157,71.32939
1797,0.109105,0.06194533,4.99329,4.523484
1798,0.457492,0.3484315,0.457532,0.35046276
1799,0.358199,0.2946539,4.41953,4.0808907
1800,0.175704,0.11994807,3.74042,3.5413225
1801,0.181372,0.1371908,3.10565,3.1237288
1802,0.00836029,0.007951399,1.79969,1.7065262
1803,0.00130619,0.000952394,1.51855,1.4472771
1804,0.16065,0.12145806,0.572516,0.43924358
1805,0.0636182,0.06749919,0.412263,0.3137395
1806,0.365285,0.22733413,0.365309,0.23061553
1807,0.0665643,0.05422706,0.944771,0.99356496
1808,0.0017906,0.0011057344,0.82046,0.8861629
1809,0.0923936,0.071072,0.42294,0.60050255
1810,0.0583564,0.06904208,0.331005,0.5219223
1811,0.1205,0.088346764,0.297152,0.42652038
1812,0.0948912,0.09022157,0.177284,0.33424956
1813,0.000112729,0.0009350878,0.123571,0.2295614
1814,0.0540557,0.06223258,0.12347,0.22632803
1815,0.00972863,0.0060282312,0.121056,0.1540558
1816,0.152046,0.13776681,0.111411,0.14600235
1817,0.395745,0.27313226,0.395745,0.27539307
1818,0.0581846,0.04348341,0.0581846,0.043878768
1819,0.272909,0.23545484,0.272945,0.23798762
1820,0.746369,0.49804467,1.12399,1.2586398
1821,0.722202,0.7151637,0.376691,0.7469321
1822,0.458339,0.27465275,0.458562,0.2767303
1823,0.31321,0.22003323,0.313423,0.22148116
1824,0.142974,0.09507629,37.1648,64.72969
1825,0.173319,0.10870307,0.173319,0.10892053
1826,0.197633,0.12710147,36.862,63.21087
1827,0.211572,0.18872842,36.6807,61.95158
1828,0.205677,0.09939704,0.205678,0.09952671
1829,0.0478148,0.037084017,36.309,54.089455
1830,0.382693,0.4256075,36.2651,52.97847
1831,0.00102368,0.0006971528,0.159545,0.1415453
1832,0.0690436,0.06613481,0.158546,0.14059511
1833,0.124638,0.072952695,0.124638,0.073065825
1834,0.120643,0.12615468,35.8599,45.76908
1835,0.184756,0.31256652,35.7264,44.801655
1836,0.0165578,0.01825405,26.8362,29.397999
1837,0.0109237,0.012042191,26.6811,28.603868
1838,0.133714,0.14845383,26.6564,27.97815
1839,0.128273,0.13951005,0.128273,0.14052603
1840,0.0346224,0.03969964,26.3924,27.137083
1841,6.83346,10.567303,26.3566,26.515663
1842,0.178423,0.15677164,0.178423,0.15724602
1843,0.0491103,0.027708922,0.0491103,0.02773523
1844,0.14151,0.10282887,0.14151,0.102983214
1845,0.0876471,0.08075893,6.52457,11.161188
1846,1.13403,1.1497289,6.43856,10.920601
1847,0.159759,0.07998845,0.514681,0.25728273
1848,0.137638,0.06842284,0.137638,0.06850461
1849,0.217282,0.10846638,0.217282,0.10857149
1850,0.100878,0.09361907,0.100878,0.09371033
1851,0.0045753,0.0027741455,3.16873,5.347122
1852,0.05094,0.044424642,3.16457,5.2988143
1853,0.0225427,0.014243219,0.363068,0.2513395
1854,0.13951,0.10698413,0.340651,0.23664783
1855,0.251507,0.12756246,0.251507,0.12770583
1856,0.00299907,0.0021709222,2.82002,4.8366427
1857,0.929679,1.0610316,2.81731,4.8217545
1858,0.158725,0.09665742,0.158725,0.096804336
1859,0.000683786,0.00076679565,2.09864,3.052786
1860,0.171467,0.16805597,2.098,3.0416799
1861,0.0215838,0.012860303,1.07652,1.1199751
1862,1.18052,0.8917294,1.05563,1.1068784
1863,0.387763,0.2114263,0.387763,0.2116065
1864,0.0508772,0.04158729,0.951391,1.7036488
1865,1.19065,1.4495243,0.901108,1.6556499
1866,0.190965,0.1812656,0.190965,0.1815829
1867,0.508546,0.5325566,0.50887,0.5336915
1868,0.214771,0.21664149,2.15499,3.4662442
1869,0.8052,0.92613,1.94105,3.2446604
1870,0.101489,0.084619254,1.30144,2.2557547
1871,1.15592,1.5211614,1.20089,2.1672442
1872,0.0872827,0.083513156,0.0872827,0.08371415
1873,0.078567,0.07403652,0.078567,0.07416143
1874,0.269431,0.29909575,0.269446,0.29999602
1875,0.176497,0.16230659,0.176497,0.16242231
1876,0.0393046,0.03158643,0.0393046,0.031615503
1877,0.00777693,0.006840845,0.068032,0.13824785
1878,0.101416,0.13204895,0.0603144,0.1317601
1879,0.0855121,0.079691015,0.0855124,0.079743
1880,0.143581,0.15823026,0.242342,0.36441487
1881,0.0755338,0.10777899,0.099597,0.20394893
1882,0.0683568,0.08668662,0.0683568,0.087340236
1883,0.207117,0.23706825,0.207117,0.23806258
1884,0.537565,0.68663555,0.5376,0.6874888
1885,0.0692437,0.14748548,0.429737,0.8043109
1886,0.115136,0.21974392,0.35647,0.6449194
1887,0.10634,0.2094672,0.10634,0.21044457
1888,0.134992,0.21194594,0.134992,0.21249698
1889,0.00399548,0.00864557,0.00399548,0.0087006595
1890,0.113527,0.2071269,0.113527,0.20855929
1891,0.0129639,0.014003164,0.0129639,0.0140818525
1892,0.137033,0.1338585,0.137033,0.1343332
1893,0.0906834,0.0894909,0.0906834,0.08993913
1894,0.0574562,0.050312668,0.338766,0.3063357
1895,0.0791279,0.07283871,0.0791286,0.07301949
1896,0.202116,0.18082805,0.202129,0.18179172
1897,0.0868087,0.092289045,7.37869,9.62016
1898,0.107875,0.10991184,0.107875,0.11041543
1899,0.073238,0.06818205,7.17756,9.3536825
1900,0.193565,0.1726893,6.11514,8.542412
1901,0.577215,0.48455313,1.31558,1.2358212
1902,0.120044,0.13010456,0.730143,0.7466977
1903,0.143015,0.13497207,0.52627,0.60006607
1904,0.236613,0.27638102,0.236615,0.27667585
1905,0.00545778,0.0052377167,0.146665,0.18679094
1906,0.145526,0.1784115,0.141219,0.18036094
1907,0.187382,0.15162824,4.59808,7.076499
1908,0.140205,0.12864071,4.00897,6.3455462
1909,0.338433,0.33873773,2.26914,2.959145
1910,0.356301,0.4084434,1.55968,2.1890523
1911,0.595425,0.97680056,1.20329,1.7753961
1912,0.00453654,0.008702408,0.611169,0.76752025
1913,0.062626,0.09064431,0.606428,0.7557327
1914,0.0886581,0.088492654,0.495343,0.6435069
1915,0.308934,0.53936803,0.406574,0.55172306
1916,0.363533,0.4253832,0.366103,0.42506623
1917,0.00396299,0.0037547867,1.59583,3.2165837
1918,0.276174,0.35706085,1.59203,3.1858616
1919,0.00022214,0.00090843014,1.29106,2.4665656
1920,0.171563,0.17753309,1.29097,2.4591315
1921,0.000711827,0.0008172241,1.41592,2.2398117
1922,0.502742,0.4233109,1.4155,2.2343497
1923,0.00921145,0.006577829,1.43497,1.7719469
1924,0.176479,0.20473863,1.42661,1.7598693
1925,0.227982,0.18453018,1.26018,1.2518252
1926,0.0610141,0.06143015,1.03274,1.0624326
1927,0.00567079,0.003783683,0.351404,0.54233646
1928,0.520094,0.517102,0.345791,0.5353611
1929,0.402119,0.27529746,0.402127,0.27657837
1930,0.24018,0.14980322,0.24018,0.15042737
1931,0.187215,0.13924001,0.187215,0.13995218
1932,0.138876,0.12114619,0.138877,0.121695004
1933,0.0243638,0.024973707,0.247742,0.25854257
1934,0.0836674,0.073960714,0.0836674,0.07419699
1935,0.160191,0.15512297,0.139824,0.15820086
1936,0.0770667,0.0769017,0.398403,0.5357032
1937,0.364773,0.31484985,0.321831,0.45682672
1938,0.000206872,0.00070794823,0.12249,0.13166462
1939,0.142916,0.12644449,0.122291,0.13043305
1940,0.119505,0.07870953,0.981652,0.67816556
1941,0.208411,0.14489996,0.720845,0.49844003
1942,0.254773,0.16114774,0.254773,0.16177541
1943,0.257636,0.18934381,0.257641,0.18997416
1944,0.14124,0.09836862,0.14124,0.09858175
1945,0.0341726,0.03634499,0.0341726,0.03648112
1946,0.121631,0.13018642,0.121639,0.13069867
1947,0.283964,0.2589021,0.283969,0.2600493
1948,0.371321,0.2368576,0.371324,0.23709545
1949,0.0398724,0.023778543,0.510153,0.37232268
1950,0.00378982,0.0022158453,0.00378982,0.002220657
1951,0.466487,0.33857825,0.466489,0.34277338
1952,0.0934443,0.04666246,0.0934443,0.04686023
1953,0.180203,0.072928384,2.84962,1.3839145
1954,0.0140767,0.0055212355,0.889362,0.4308815
1955,0.215897,0.08703275,0.215897,0.08714837
1956,0.326381,0.13048992,0.659445,0.3379224
1957,0.372964,0.20616123,0.333411,0.20717296
1958,0.429399,0.21110809,1.78028,0.8788087
1959,0.0400257,0.01844133,1.10593,0.54951966
1960,0.173584,0.07989648,0.38348,0.22996572
1961,0.0912742,0.06394915,0.210258,0.14970922
1962,0.140779,0.084361784,0.140779,0.08448752
1963,0.33912,0.14533542,0.682451,0.30048388
1964,0.218708,0.097304404,0.218708,0.097432226
1965,0.124596,0.057256598,0.124596,0.05733527
1966,0.245142,0.116712295,0.245142,0.11687422
1967,0.0306915,0.01136313,1.85438,0.7573068
1968,0.0650525,0.024999892,0.0650525,0.025049616
1969,0.101326,0.038963407,1.75866,0.7195443
1970,0.525968,0.20848568,0.525996,0.20888919
1971,0.211056,0.077439606,1.13137,0.47035295
1972,0.601857,0.24916187,0.601858,0.24974222
1973,0.182634,0.06357179,0.318566,0.14219713
1974,0.161027,0.077334836,0.136056,0.07827675
1975,0.476294,0.20195654,6.06902,2.4816988
1976,0.0280629,0.012728104,5.23494,2.1026757
1977,0.162125,0.056612097,0.162125,0.056720354
1978,0.332797,0.15484668,5.04447,2.02744
1979,0.0194589,0.008490506,1.26046,0.43951517
1980,0.437452,0.14629303,0.68208,0.24448188
1981,0.21891,0.096440226,0.244448,0.097633354
1982,0.558873,0.18509197,0.558873,0.18550535
1983,0.308877,0.115235016,3.45021,1.42753
1984,0.341675,0.11770953,2.89898,1.2272261
1985,0.440001,0.15563224,1.28621,0.50413936
1986,0.195825,0.10030927,0.844983,0.34683618
1987,0.569752,0.24015546,0.569752,0.24081817
1988,0.00417713,0.0014626371,1.27063,0.6010861
1989,0.394907,0.15736349,0.863859,0.46107274
1990,0.238441,0.13006674,0.469896,0.3016445
1991,0.00844565,0.00327535,0.280156,0.16659138
1992,0.107327,0.07452604,0.271728,0.16250911
1993,0.180032,0.08528159,0.180032,0.085551545
1994,0.402659,0.1361637,0.402659,0.1364733
1995,0.241707,0.08017076,0.241707,0.080345385
1996,0.354561,0.16939084,0.354561,0.17016974
1997,0.327455,0.116757266,0.327455,0.11709167
1998,0.510188,0.20148589,0.510187,0.2021813
1999,0.817172,0.17614157,0.817172,0.17684914
2000,1.63968,0.4515428,1.63968,0.45323253
2001,2.0355,0.4991385,7.98078,2.930076
2002,0.419428,0.112092994,5.37135,2.281542
2003,0.00280569,0.00075712585,0.747753,0.5689502
2004,0.624413,0.28491214,0.745463,0.56791925
2005,0.807803,0.28916284,0.807803,0.2883277
2006,0.682577,0.15357137,4.21783,1.597323
2007,0.325045,0.066583894,3.16375,1.2602562
2008,0.801004,0.15548535,2.36116,0.8066941
2009,1.12585,0.29950216,1.12585,0.2996995
2010,0.200773,0.057614442,0.436536,0.34945136
2011,0.64903,0.2940228,0.23681,0.2908223
2012,0.00137534,0.00053735595,0.48484,0.38251516
2013,1.25989,0.2950044,0.483638,0.37998447
2014,0.334746,0.07452559,0.334746,0.07510333
2015,0.0201532,0.0045478526,0.386579,0.17968036
2016,0.681242,0.17459002,0.366982,0.17543548
2017,0.591239,0.1466606,0.591239,0.14772736
2018,0.27851,0.0821369,95.9089,37.161785
2019,0.241624,0.06093193,94.9656,36.47255
2020,2.04921,0.6094428,92.0747,35.772736
2021,0.0918628,0.018604264,31.5421,17.273226
2022,1.36244,0.38170838,29.8779,16.810108
2023,1.26966,0.3713529,1.26966,0.37545165
2024,0.402813,0.089693375,27.3214,16.083355
2025,0.159035,0.042096905,0.159035,0.042524125
2026,0.358725,0.08829906,26.7978,15.984255
2027,0.704682,0.20226178,0.704682,0.20385781
2028,0.00776277,0.0030113074,25.7856,15.731455
2029,1.45985,0.53297824,22.2239,13.409874
2030,1.23643,0.5697984,1.23641,0.5718546
2031,0.442114,0.23245789,19.6292,12.33659
2032,0.972306,0.36581665,0.972306,0.3670471
2033,0.798399,0.25232324,18.2536,11.773767
2034,0.295688,0.16006875,17.5051,11.556667
2035,1.09315,0.30772614,8.38019,7.199009
2036,2.37456,0.9800207,7.32159,6.9038467
2037,1.46659,0.5284779,1.46659,0.5392039
2038,0.501183,0.23902868,0.501183,0.24615228
2039,0.132965,0.040865008,0.425984,0.29263386
2040,0.485728,0.23806068,0.2936,0.24857648
2041,0.400757,0.13766295,0.400757,0.13907306
2042,0.231165,0.079902284,9.53004,4.6929154
2043,0.628508,0.2693477,9.31316,4.6303988
2044,0.0011111,0.00092029857,8.87315,4.3992867
2045,0.351921,0.17180346,8.87219,4.4066
2046,0.569822,0.16977069,0.569822,0.17161977
2047,0.0250019,0.01098431,8.23628,4.0544252
2048,0.266443,0.096664146,8.21005,4.0407977
2049,0.504531,0.15705253,0.504531,0.15768108
2050,0.253803,0.08424024,7.27309,3.7408066
2051,0.164512,0.06986046,5.16673,2.7025905
2052,0.355497,0.16882046,4.99826,2.6224146
2053,0.870714,0.32120025,2.77958,1.8289993
2054,0.660581,0.3687551,1.45461,1.1985067
2055,0.270722,0.1508386,0.270722,0.15146008
2056,0.213755,0.16925214,0.523927,0.6707223
2057,0.321005,0.33094114,0.310584,0.49446422
2058,0.177619,0.14351189,0.177619,0.1447424
2059,0.282732,0.14998195,0.454315,0.29760483
2060,0.0772238,0.06980284,0.171824,0.14593565
2061,0.113744,0.07137768,0.113744,0.07186814
2062,1.44939,0.5604747,1.4496,0.561809
2063,0.736165,0.27360478,1.85086,0.9400785
2064,0.658689,0.2796327,1.11406,0.66156214
2065,0.211188,0.080605574,0.43818,0.3655199
2066,0.39157,0.27376705,0.227358,0.2820211
2067,0.535076,0.14682426,7.58275,3.4268246
2068,1.22972,0.55233586,7.04577,3.2762845
2069,0.584086,0.2024011,0.584086,0.20277762
2070,0.485716,0.2058841,5.09273,2.4976819
2071,0.492862,0.17563564,2.24712,1.3457919
2072,0.597681,0.25703084,1.3799,0.97609377
2073,1.2719,0.7052623,0.784093,0.7161273
2074,0.00815604,0.0033911264,0.00815604,0.0033983933
2075,0.0365287,0.014078999,0.376805,0.19097689
2076,0.367682,0.17584783,0.340327,0.17685714
2077,0.0133556,0.0056748325,2.35973,0.94210047
2078,0.152155,0.08987036,2.34617,0.935266
2079,0.443646,0.14426155,0.443646,0.14451015
2080,0.848252,0.3432935,0.848253,0.34441152
2081,0.774372,0.34745625,0.774377,0.3481537
2082,0.359648,0.12655738,2.37241,0.8647762
2083,0.282222,0.09900832,1.91279,0.70463556
2084,1.15936,0.48517758,1.62951,0.6047019
2085,0.319982,0.11428902,0.319982,0.11449147
2086,0.0981619,0.032015204,0.0981619,0.03216346
2087,0.475632,0.15284832,3.55885,2.3554525
2088,0.347266,0.19681753,3.09715,2.1987386
2089,0.00882693,0.0027620795,3.3912,1.9686257
2090,0.837697,0.3723145,3.3827,1.9576404
2091,0.489646,0.17708613,0.489646,0.17864357
2092,0.000501865,0.001133266,2.52859,1.3546698
2093,3.15818,1.0957171,2.52819,1.3420776
2094,0.611342,0.2046606,0.611342,0.2065659
2095,1.58283,0.46765336,1.58283,0.47402126
2096,0.713582,0.21343309,58.6399,18.201166
2097,1.80924,0.49434316,1.80924,0.50282717
2098,0.611481,0.16927654,56.1927,17.746204
2099,0.986237,0.26915386,7.53547,2.9949167
2100,1.29896,0.4064903,1.29896,0.4137224
2101,0.654864,0.18500873,5.26823,2.336188
2102,1.27782,0.38604456,4.61868,2.1805031
2103,1.01782,0.31010136,1.01782,0.31567922
2104,0.10682,0.026932325,2.52598,0.83942884
2105,1.19458,0.34356585,2.41861,0.80896753
2106,1.12872,0.40993714,1.12872,0.41857553
2107,0.651504,0.26548013,1.26324,0.6041634
2108,0.271894,0.13420007,0.612665,0.3322785
2109,0.000150015,0.0008817599,0.395343,0.18298835
2110,0.378406,0.16741912,0.394042,0.17758761
2111,0.00114332,0.0026368366,0.00114332,0.0026931607
2112,3.15131,1.1459099,48.0933,14.8301525
2113,0.00174503,0.0015774017,0.00174503,0.0015962671
2114,0.000467896,0.0014514946,45.0394,13.911939
2115,0.987824,0.29620367,0.987824,0.30427283
2116,0.488059,0.1251808,44.0517,13.876459
2117,0.320198,0.083525114,0.320197,0.084627606
2118,3.27909,0.57255405,43.2718,13.924745
2119,0.4702,0.09271157,16.0166,9.307922
2120,2.83687,0.6434784,15.5661,9.4211445
2121,1.11943,0.27097365,3.3886,0.82655025
2122,1.32479,0.33021137,1.32479,0.33762068
2123,0.944385,0.20485851,0.944385,0.20921135
2124,0.277693,0.04346101,11.5437,8.525599
2125,0.013534,0.0034897847,6.81642,7.3278475
2126,4.52072,1.7753242,6.8062,7.3767824
2127,1.23575,0.28952616,1.23575,0.2909965
2128,0.202837,0.053690888,2.46077,0.9008217
2129,2.41774,0.77906024,2.25858,0.83756834
2130,0.0132675,0.0066578942,4.4071,3.5185
2131,0.940472,0.6693765,4.39479,3.500525
2132,0.683632,0.36231092,0.683632,0.37165737
2133,0.133891,0.060248304,2.84075,1.955858
2134,0.894894,0.4341149,1.59653,1.3607552
2135,0.395857,0.20448968,0.70435,0.92424166
2136,0.00653598,0.002368494,0.531197,0.6987447
2137,0.915266,0.57121366,0.524764,0.6898623
2138,0.208044,0.09172683,0.208044,0.09227895
2139,1.11132,0.51969814,1.11132,0.52624035
2140,1.16611,0.37921435,1.16612,0.38336757
2141,0.57066,0.17638366,1.82105,0.727244
2142,0.949803,0.43229783,0.949803,0.43912882
2143,0.300584,0.09810881,0.300584,0.09971801
2144,0.150414,0.02100776,4.46891,1.2817605
2145,0.666454,0.15142094,4.32166,1.29914
2146,0.87231,0.23192912,1.33392,0.53897417
2147,0.881713,0.30003196,0.462941,0.30712348
2148,2.79097,0.6333081,2.79097,0.63625723
2149,0.720941,0.14112088,24.0437,4.3083587
2150,2.31066,0.2951825,2.31066,0.2952982
2151,1.70821,0.3609629,21.0137,3.9317656
2152,0.0846181,0.02029736,7.99713,1.1849506
2153,1.96757,0.25826344,1.96757,0.25860906
2154,2.27192,0.2954045,5.94566,0.9287292
2155,0.599742,0.115027376,3.67895,0.6539332
2156,0.0330291,0.005223992,3.36051,0.56524146
2157,2.18072,0.3816084,2.18072,0.38261217
2158,1.14676,0.17935276,1.14676,0.17969057
2159,0.0726866,0.016321614,11.3108,2.448324
2160,2.56379,0.43931085,2.56379,0.43827993
2161,1.02979,0.19642888,8.6738,2.0435636
2162,1.0066,0.15204306,1.0066,0.1523896
2163,1.68861,0.24940504,6.63526,1.7412523
2164,0.470887,0.09516107,4.94069,1.5333339
2165,3.63878,0.9689632,3.63952,0.9775639
2166,0.000364893,0.00077790633,0.755381,0.49769017
2167,2.13629,0.45506114,0.755203,0.5082035
2168,0.192553,0.05147335,0.192553,0.0518324
2169,2.3533,0.73707914,2.6986,0.94225097
2170,0.844266,0.19282061,0.353843,0.19325958
2171,0.182006,0.04276175,0.701117,0.9609346
2172,0.613934,0.2297135,0.533427,0.9591905
2173,0.0888035,0.027765531,1.11135,0.82309335
2174,2.63938,0.7989416,1.03459,0.80943245
2175,1.24977,0.45694327,1.24977,0.46243554
2176,0.0457235,0.014386568,2.98118,6.5714087
2177,0.98636,0.38075128,2.93987,6.0444016
2178,0.000842105,0.00087272935,2.61296,4.3799653
2179,0.153718,0.07927571,2.61228,4.1335673
2180,0.0273876,0.008865257,2.70062,3.3961103
2181,0.0946685,0.041892752,2.67397,3.2950382
2182,0.00486519,0.0017626972,2.27004,2.8383675
2183,2.71128,1.4798042,2.26537,2.8189735
2184,0.160982,0.04067463,0.266487,0.14832298
2185,0.203046,0.10361683,0.106183,0.10721334
2186,0.132173,0.032823745,0.528798,0.26064417
2187,0.331661,0.116739556,0.400142,0.22606768
2188,0.267828,0.100564696,0.267828,0.101906106
2189,0.00389613,0.0012718063,0.631583,0.7909649
2190,0.850046,0.43650717,0.627872,0.7874361
2191,0.216027,0.06382513,0.67808,0.2783338
2192,0.124448,0.04062232,0.124448,0.040971167
2193,0.208747,0.059699435,0.337836,0.17231676
2194,0.167602,0.077199444,0.129275,0.11185285
2195,0.0931908,0.031183906,0.0931908,0.031415734
2196,0.290802,0.055123664,0.290802,0.055568174
2197,0.217965,0.091643006,0.217965,0.09228339
2198,0.266603,0.07574249,0.399882,0.1928976
2199,0.397929,0.11505533,0.13525,0.116887905
2200,0.0631726,0.020805022,0.616935,0.31106025
2201,0.343236,0.12050847,0.343236,0.1222866
2202,0.0536739,0.012989913,0.211534,0.166402
2203,0.143487,0.060059175,0.159117,0.15355115
2204,0.243256,0.08901386,0.243256,0.09023394
2205,0.0275758,0.010411288,0.655824,0.5519428
2206,0.443918,0.226463,0.629638,0.53590715
2207,0.207493,0.051917966,0.57502,0.30622572
2208,0.294503,0.07672653,0.368742,0.25689825
2209,0.18247,0.060733195,0.311383,0.18501386
2210,0.324716,0.122366175,0.130748,0.12437979
2211,0.19632,0.04335425,48.8653,9.330523
2212,0.539084,0.06728827,7.49055,2.152837
2213,0.868188,0.11797307,2.62239,1.1141201
2214,0.196789,0.041083336,1.76272,1.0366348
2215,0.568934,0.0683137,1.81239,1.1265855
2216,0.524524,0.07025281,0.950512,0.9445403
2217,2.31913,0.906318,0.428055,0.89494294
2218,0.102628,0.015286172,0.29443,0.13796802
2219,0.472093,0.1265363,0.192468,0.124895684
2220,0.435655,0.06734854,4.34356,1.0177851
2221,0.526381,0.07382282,1.73701,0.5885013
2222,0.714186,0.17010957,1.22267,0.5280578
2223,0.913775,0.13414575,1.62147,0.38825583
2224,1.20607,0.26189423,0.713251,0.2586335
2225,2.1766,0.3750107,2.1766,0.37465325
2226,0.367565,0.05880203,41.2005,7.28039
2227,1.18964,0.20818746,3.82157,0.57145363
2228,1.42621,0.23520386,1.42621,0.23499233
2229,1.20572,0.12816365,1.20572,0.12865359
2230,1.31903,0.1905758,37.0401,6.752609
2231,0.705319,0.082715355,34.2422,6.4064784
2232,1.56562,0.17501387,33.365,6.393877
2233,0.0196136,0.0021901953,31.4938,6.287343
2234,0.91715,0.09712355,0.91715,0.097543515
2235,0.256571,0.031854577,30.5611,6.3163023
2236,0.0711744,0.011866718,28.4522,6.167963
2237,0.478974,0.06330472,27.8589,6.2594175
2238,0.0197879,0.0028183705,4.58207,1.5372137
2239,1.75097,0.2774127,4.56392,1.5921707
2240,2.02036,0.20461336,5.51343,1.44669
2241,1.76084,0.3032243,1.76084,0.30242625
2242,0.153159,0.027446792,1.74136,0.961802
2243,3.5824,0.8122233,1.59438,0.94794655
2244,0.869199,0.14698997,0.869199,0.14677879
2245,0.396377,0.05803242,22.8305,4.822835
2246,0.276174,0.040182438,3.48536,0.5524831
2247,0.330561,0.046964485,2.87781,0.41735017
2248,0.47764,0.063488066,0.47764,0.06395823
2249,0.880261,0.13480139,2.06961,0.30627325
2250,0.513776,0.07384469,0.513776,0.0741708
2251,0.67557,0.09660067,0.67557,0.09682466
2252,0.0204195,0.003470582,0.331783,0.096801944
2253,0.444618,0.093071274,0.311552,0.09392672
2254,0.444802,0.07363715,18.9562,4.3411922
2255,0.707043,0.14406876,18.5187,4.410029
2256,0.0582242,0.00976835,1.30913,0.39092308
2257,0.386648,0.12340987,1.25127,0.37883464
2258,0.00377565,0.0011012388,0.931243,0.24516499
2259,0.417539,0.08737682,0.417539,0.08820389
2260,0.509928,0.152452,0.509929,0.15370971
2261,0.285903,0.049971946,16.9173,4.391491
2262,0.797963,0.12653738,16.2864,4.386405
2263,0.549608,0.09515061,14.314,4.1499233
2264,0.830836,0.14533624,10.4453,2.2035215
2265,1.76711,0.35166153,8.76178,1.7350962
2266,1.66375,0.43567926,6.5948,1.2957567
2267,3.08921,0.53397095,3.08921,0.53539556
2268,1.84183,0.31961274,1.84183,0.3223263
2269,0.399856,0.08832725,0.399831,0.08901094
2270,0.250757,0.040217485,0.855547,0.3363775
2271,0.995071,0.22235428,0.60621,0.29957107
2272,0.465114,0.07494374,0.465114,0.07531205
2273,0.0850551,0.016434671,3.328,1.9616302
2274,0.423375,0.11476164,3.24658,2.038564
2275,0.0274878,0.0047865934,3.34039,2.1273758
2276,1.32721,0.18801862,2.97096,2.1076634
2277,4.05771,1.3693527,1.65116,1.9343902
2278,0.273225,0.048860874,0.273225,0.048760947
2279,0.781282,0.19626519,0.781282,0.19630526
2280,1.70417,0.30039632,1.70417,0.29975268
2281,0.343497,0.049053486,0.343497,0.04923311
2282,1.19174,0.23988692,1.19174,0.24089438
2283,0.114035,0.019729763,0.356218,0.10208181
2284,0.365754,0.07930308,0.24268,0.08167018
2285,0.531165,0.056814093,0.531165,0.057082705
2286,1.87484,0.25811517,1.87484,0.25935966
2287,0.344977,0.038174108,0.344977,0.038324274
2288,0.196366,0.022372702,0.196366,0.022525413
2289,0.318945,0.04426249,1.52418,0.2462955
2290,0.531858,0.058206633,0.531858,0.058478415
2291,0.363927,0.04965896,0.67389,0.14314595
2292,0.305248,0.06506557,0.310263,0.09322032
2293,0.160369,0.026545037,0.160369,0.02666819
2294,0.21106,0.033044294,0.21106,0.03315863
2295,0.735067,0.15144154,0.735067,0.1520804
2296,0.280664,0.051736128,0.280664,0.051908657
2297,0.0115352,0.0022055868,0.0115352,0.0022159186
2298,0.0300864,0.016682712,0.511006,0.7161748
2299,0.12585,0.08985025,0.12585,0.090463474
2300,0.0777877,0.06524496,0.355467,0.6060202
2301,0.0686982,0.1531561,0.278565,0.53863096
2302,0.00462536,0.0044867974,0.284658,0.3725668
2303,0.0888311,0.054395586,0.0888311,0.05462889
2304,0.139744,0.18092515,0.191272,0.31184846
2305,0.000687786,0.0007160064,0.0874074,0.12360281
2306,0.0644166,0.07606681,0.0867236,0.122250706
2307,0.0355642,0.042603374,0.0355641,0.042906366
2308,0.201336,0.19436465,0.257991,0.28683656
2309,0.0107464,0.011094211,0.0107465,0.011133451
2310,0.0456618,0.07898234,0.045662,0.07952745
2311,0.0233941,0.026927963,298.051,236.52577
2312,1.70384,0.9001657,27.491,19.36293
2313,4.13988,2.626438,4.12528,2.628815
2314,1.23831,0.6495789,21.723,15.815998
2315,1.44831,0.9748274,1.44824,0.9759939
2316,1.29706,0.58554417,19.0546,14.175955
2317,3.22252,1.964866,14.3891,11.754754
2318,3.23636,2.1713314,9.86759,8.956104
2319,1.21958,1.3976504,6.62999,6.7780633
2320,0.0122551,0.011867129,0.355528,0.51035625
2321,0.0732417,0.08406882,0.34333,0.49835315
2322,0.00201009,0.001742449,0.29385,0.4130395
2323,0.383572,0.40807894,0.291894,0.41107678
2324,0.141405,0.13302116,0.361202,0.4485934
2325,0.0950616,0.13234259,0.220471,0.3153319
2326,0.1831,0.18129554,0.183101,0.18160662
2327,0.950591,0.59693545,4.26927,4.3985653
2328,0.308494,0.26614055,2.86933,3.281219
2329,0.444712,0.38739523,0.444733,0.38804114
2330,0.0561694,0.060451563,2.11558,2.6240516
2331,0.105847,0.095167205,1.94447,2.4573781
2332,0.163621,0.2189833,1.8383,2.361108
2333,0.118002,0.12548526,1.65645,2.137793
2334,0.777413,0.95007277,1.53882,2.011716
2335,0.000186914,0.0005536311,0.049695,0.07743058
2336,0.0609094,0.07636633,0.0495107,0.076846585
2337,0.313412,0.28901023,0.682634,0.73933923
2338,0.0904016,0.12319522,0.370236,0.44976512
2339,0.356755,0.3227213,0.356755,0.32338768
2340,4.05939e-05,0.00060323963,0.158817,0.23710203
2341,0.209628,0.2348586,0.158782,0.2364086
2342,0.114593,0.104432814,0.114624,0.104528174
2343,0.165034,0.15949048,0.445901,0.5167678
2344,0.105143,0.1400036,0.281769,0.35708892
2345,0.243342,0.21479164,0.243342,0.21528706
2346,1.30923,0.82226145,1.30954,0.8235899
2347,3.39864,1.8193412,3.37703,1.8228776
2348,2.12177,1.6901181,270.48,216.56387
2349,0.00533839,0.011797252,0.365039,0.45555133
2350,0.00850867,0.015337813,0.00850867,0.01549777
2351,0.351166,0.41838375,0.351189,0.42361212
2352,0.2241,0.3779551,266.814,214.00723
2353,0.00192941,0.016087333,265.327,212.20422
2354,0.000568854,0.007992092,265.069,211.75105
2355,0.0871724,0.2309431,264.7,211.37042
2356,0.512386,0.25826183,0.512392,0.2599879
2357,0.0279087,0.033357028,263.864,210.60387
2358,0.0786113,0.11668175,263.734,210.3503
2359,0.493238,0.3974662,5.88786,2.9869323
2360,0.0711029,0.050426528,0.387676,0.24821037
2361,0.157312,0.09830123,0.157312,0.09935595
2362,0.159255,0.09386923,0.159255,0.09531288
2363,0.0386735,0.029612772,4.97863,2.3173695
2364,0.0945008,0.07004331,4.90879,2.2479186
2365,0.0927773,0.06817071,0.0927773,0.06972982
2366,0.0239791,0.018520767,4.71917,2.0912187
2367,0.608233,0.35261244,3.88905,1.6371157
2368,0.27029,0.13114014,2.93353,1.0783036
2369,0.0333588,0.01867837,2.4513,0.83731854
2370,0.193951,0.08121081,1.57221,0.49438074
2371,1.071,0.27715626,1.07123,0.2785001
2372,0.306644,0.13035049,0.306644,0.1318342
2373,0.358649,0.1370203,0.845881,0.31969115
2374,0.188691,0.07313547,0.489155,0.18094194
2375,0.358986,0.10263873,0.358986,0.103318095
2376,0.21159,0.103428155,0.211591,0.10394019
2377,0.344336,0.19163814,0.344389,0.19375953
2378,0.0209497,0.016476972,0.805789,0.42097005
2379,0.520856,0.243067,0.520936,0.24582982
2380,0.263837,0.15109965,0.263855,0.15343541
2381,0.0301039,0.024555938,0.0301039,0.02488834
2382,0.00756535,0.0079885945,257.599,207.0455
2383,0.0582173,0.051896047,0.0582624,0.052148297
2384,0.228137,0.18895926,257.51,206.81119
2385,2.29251,2.4758074,2.30638,2.5099957
2386,0.190558,0.1809468,254.839,203.94627
2387,0.0151959,0.074404776,236.249,175.73706
2388,0.000411841,0.0026065453,236.116,175.719
2389,0.00394024,0.022445776,194.995,106.59784
2390,0.0726698,0.24303855,194.745,106.53999
2391,0.590362,0.52111226,0.590372,0.52250737
2392,0.262824,0.5136813,193.741,106.14937
2393,0.00434946,0.027339073,0.436059,0.33417228
2394,0.0964963,0.072821245,0.0964963,0.073041245
2395,0.335184,0.23165636,0.335208,0.23281977
2396,0.000591336,0.007722029,192.71,105.723465
2397,0.0235531,0.05065758,177.616,91.50411
2398,0.0153646,0.05214599,0.452695,0.38182992
2399,0.00659325,0.005056811,0.00659325,0.005063759
2400,0.430667,0.3235511,0.430708,0.324123
2401,0.00262607,0.013921931,177.079,91.48284
2402,0.230591,0.33682892,176.996,91.772766
2403,0.0651745,0.141563,176.325,91.82132
2404,0.00750721,0.017324828,167.894,89.09332
2405,0.0679615,0.045529447,167.19,88.9433
2406,0.041012,0.024801025,166.982,89.31125
2407,0.0534361,0.04412917,166.9,89.77101
2408,0.000779696,0.0006678262,0.0410775,0.030682288
2409,0.0173033,0.015109327,0.0173034,0.0151455365
2410,0.0229945,0.014734266,0.0229945,0.014796567
2411,0.272862,0.23829952,166.768,90.27004
2412,0.483218,0.58649045,166.138,90.50273
2413,0.11916,0.08436043,74.1378,37.937134
2414,7.19994e-05,0.0005730406,0.155437,0.07513033
2415,0.0697054,0.025670892,0.0697054,0.025875805
2416,0.0856598,0.047912885,0.0856598,0.048259314
2417,0.70784,0.365321,73.8072,38.041706
2418,0.0834635,0.01778557,55.241,29.278988
2419,0.203431,0.03500958,47.7273,27.077682
2420,0.203679,0.033139743,0.203679,0.033349458
2421,0.22471,0.03736084,47.3052,27.192905
2422,0.110842,0.02606432,46.7007,27.248978
2423,1.15834,0.24906966,1.15834,0.25239834
2424,0.578735,0.11455805,45.4286,27.13781
2425,0.343322,0.050174214,44.2793,27.095127
2426,0.0443976,0.007612636,0.675847,0.13201445
2427,0.218876,0.041777134,0.218876,0.042233974
2428,0.412573,0.08024918,0.412573,0.081091754
2429,0.309846,0.059062194,43.25,27.033546
2430,0.0204425,0.0047273412,42.5486,27.01035
2431,0.0180291,0.0038397005,1.50712,1.2270696
2432,0.510626,0.21887085,1.49113,1.2434047
2433,0.072077,0.016750226,1.71601,1.071109
2434,0.612328,0.19824423,1.64578,1.0700912
2435,0.12987,0.029048357,0.12987,0.029506193
2436,0.720176,0.21605746,1.5886,0.8529762
2437,0.551806,0.18010436,0.872522,0.64023536
2438,0.396217,0.096669376,0.686947,0.45562682
2439,0.228338,0.101392746,0.291608,0.3586506
2440,0.0416729,0.011320042,0.220975,0.24512398
2441,0.475414,0.21737869,0.179537,0.23110473
2442,1.46542,0.3099093,41.0206,25.857712
2443,0.346664,0.08363954,0.346664,0.08510451
2444,0.0422375,0.0258682,39.1798,25.517002
2445,0.0771096,0.041158997,37.9227,25.047976
2446,0.248921,0.13492946,35.0479,22.441544
2447,0.432981,0.17858525,0.432981,0.18262869
2448,0.0328214,0.013748689,34.3589,22.088825
2449,0.487801,0.22473118,33.7838,21.876965
2450,0.187745,0.06354338,33.1314,21.51603
2451,0.0295268,0.0108286375,32.7557,21.319977
2452,1.19036,0.36416915,28.8463,19.685696
2453,0.899418,0.31766728,26.0056,18.589825
2454,0.366801,0.14608127,24.4522,18.032873
2455,1.24986,0.50017524,1.24987,0.504821
2456,0.114491,0.041881636,22.8416,17.357136
2457,0.249447,0.093454644,0.249447,0.09445704
2458,0.100454,0.043156616,22.481,17.2075
2459,1.10053,0.46518016,22.2059,16.998625
2460,0.522066,0.16838521,3.02336,3.488305
2461,0.91535,0.45931473,2.50906,3.3087053
2462,0.0172088,0.0052869995,0.147982,0.18756805
2463,0.259712,0.17254269,0.13088,0.18152542
2464,0.0441502,0.015605462,1.38818,1.7648702
2465,0.697893,0.2979032,1.34422,1.7582015
2466,0.0222551,0.009829418,0.653364,1.2052459
2467,1.6343,1.1438843,0.63151,1.1931499
2468,0.117039,0.046173688,0.428356,0.2599968
2469,0.471675,0.2150512,0.31157,0.21445096
2470,0.0534786,0.0168025,1.24258,0.9200982
2471,0.897173,0.47690132,1.19009,0.906775
2472,0.241106,0.13719092,0.911251,0.43608737
2473,0.30451,0.15892275,0.30451,0.15878448
2474,0.365635,0.14050233,0.365635,0.14051983
2475,1.1527,0.40210554,18.1053,13.0417185
2476,0.00368833,0.0012625695,14.7517,10.533422
2477,0.0501993,0.017235696,14.3765,10.255797
2478,0.760105,0.29977,12.7002,9.173127
2479,0.531399,0.34232748,1.72001,1.6510553
2480,0.237862,0.14724872,1.02977,1.1959444
2481,1.04201,0.9574365,0.79371,1.0463026
2482,0.113271,0.06423876,0.113271,0.06432439
2483,0.0150461,0.007542683,0.0150461,0.0075556515
2484,0.16161,0.11049469,0.16161,0.11057783
2485,0.0728469,0.04943134,10.2076,7.2274313
2486,0.778225,0.52603304,0.777797,0.52609503
2487,0.00306719,0.0018259073,9.35388,6.6557493
2488,0.614251,0.3099147,9.11736,6.5297346
2489,0.68402,0.45561153,0.683988,0.45710266
2490,0.101192,0.05773399,7.81004,5.760768
2491,0.640032,0.4856194,6.40103,4.3927627
2492,0.00253301,0.0016906774,5.10442,3.478888
2493,0.766248,0.4443472,0.766252,0.4451155
2494,0.488614,0.32965073,4.33553,3.028486
2495,0.00383534,0.002625361,3.65687,2.5908995
2496,0.0836995,0.061022695,3.379,2.39691
2497,0.0208975,0.015726605,3.13283,2.2229214
2498,0.492839,0.30426535,2.08051,1.510298
2499,0.156677,0.10172847,1.23155,0.9508226
2500,0.0501687,0.03677618,0.270388,0.20545167
2501,0.135205,0.104860544,0.135205,0.105299145
2502,0.0850143,0.0624193,0.0850143,0.06264666
2503,0.000980597,0.0008307169,0.804451,0.64088833
2504,0.347387,0.28558326,0.347394,0.28689122
2505,0.456044,0.34877783,0.456075,0.35058692
2506,0.0902899,0.0645877,0.355569,0.25121924
2507,0.243266,0.18348663,0.265043,0.18613335
2508,0.336183,0.22466958,1.03124,0.6923448
2509,0.0134618,0.010163584,0.167297,0.11083469
2510,0.102357,0.060906265,0.102357,0.061132662
2511,0.0514786,0.03887359,0.0514786,0.03904875
2512,0.244777,0.15860671,0.52768,0.3549655
2513,0.149634,0.114843726,0.149634,0.11543865
2514,0.133269,0.07934989,0.133269,0.079676285
2515,0.161925,0.10837503,0.161925,0.10889446
2516,0.273976,0.18696344,0.273976,0.18762751
2517,0.187307,0.10327255,0.187307,0.1036196
2518,0.64504,0.42080823,0.64504,0.42236665
2519,0.378208,0.22477049,1.30586,1.3068945
2520,0.904195,0.7167578,0.929977,1.0817338
2521,0.580548,0.36042652,0.580296,0.36098078
2522,0.233097,0.12561235,0.233097,0.12538424
2523,0.200074,0.0883575,1.62547,1.0775257
2524,0.187639,0.1086379,1.42855,0.9911552
2525,0.725148,0.32431996,1.36911,0.8945017
2526,0.327299,0.30166033,0.644288,0.5735515
2527,0.329204,0.25932512,0.329204,0.2611357
2528,0.024488,0.007907484,0.371427,0.29043365
2529,0.588286,0.28316003,0.347421,0.28311625
2530,0.0131152,0.0039651887,2.20808,2.1201773
2531,1.89255,1.0353899,2.19591,2.1131454
2532,0.457976,0.112047404,0.457977,0.11245248
2533,0.390107,0.10125945,0.390107,0.101648435
2534,0.656796,0.22296461,0.814011,0.3107155
2535,0.188896,0.085885055,0.157856,0.08660559
2536,0.37663,0.1609367,0.937146,0.54446673
2537,0.168959,0.0774716,0.168959,0.07746816
2538,0.0268076,0.01176337,0.392532,0.3061555
2539,0.216664,0.17374942,0.365956,0.2948088
2540,0.265215,0.12368892,0.265215,0.123492666
2541,0.027136,0.008958411,0.177548,0.15738529
2542,0.267334,0.14187737,0.150509,0.14726417
2543,0.656402,0.19846763,0.656402,0.20046045
2544,0.224961,0.06874223,1.65035,0.6756632
2545,0.0342353,0.008968706,0.635183,0.38459632
2546,0.534018,0.22569713,0.601534,0.3732024
2547,0.289563,0.06093109,0.289563,0.061325148
2548,0.253578,0.06464067,0.253578,0.06542589
2549,0.792447,0.21261473,0.792447,0.21673936
2550,0.269957,0.090007514,3.88004,1.5535222
2551,1.20873,0.41292995,1.20876,0.4184727
2552,1.01268,0.43691,2.40216,1.0276867
2553,0.136169,0.054407936,1.01309,0.33969527
2554,0.297338,0.119474106,0.297338,0.12131083
2555,0.579587,0.1568638,0.579587,0.15913199
2556,0.0183904,0.007314384,0.378516,0.23978277
2557,0.152462,0.088655815,0.36039,0.2295079
2558,0.350552,0.13027582,0.350552,0.13180697
2559,0.186078,0.060420994,0.186078,0.061445504
2560,0.157047,0.065942,0.157047,0.067409225
2561,0.540958,0.1399012,0.540961,0.14236327
2562,0.00879804,0.003610199,2.79586,2.5752785
2563,0.204451,0.10911466,2.76414,2.571886
2564,0.109877,0.050843026,1.48262,0.7845962
2565,1.23949,0.6339481,1.23949,0.65288043
2566,0.13325,0.06415869,0.13325,0.0657257
2567,0.0714624,0.039512623,1.07992,1.6708044
2568,1.22841,0.9857884,1.01047,1.6226549
2569,0.562432,0.20825776,0.562432,0.21209216
2570,0.523305,0.19973719,0.523305,0.20394874
2571,0.319273,0.11835334,0.319273,0.12112605
2572,0.0232839,0.00900398,0.0232839,0.009202732
2573,0.0412868,0.020859297,1.21315,0.48076707
2574,0.868676,0.36985195,0.868677,0.37709412
2575,0.303187,0.07662243,0.303187,0.07741496
2576,0.380178,0.057192653,0.380178,0.057689603
2577,0.549326,0.07060877,0.549326,0.07138776
2578,0.362661,0.07097706,0.362661,0.07182881
2579,0.0903797,0.016318299,7.42073,2.3788447
2580,0.269075,0.060990166,7.2682,2.3476114
2581,0.370534,0.07423852,2.15187,0.7378732
2582,0.0484251,0.012518083,1.7073,0.6442144
2583,0.004648,0.00126323,1.08877,0.47871095
2584,0.0618353,0.016179822,0.933003,0.43676153
2585,0.0416331,0.013018081,0.831028,0.40720493
2586,0.71984,0.25774753,0.790072,0.3927389
2587,0.438194,0.120959125,0.438194,0.12213863
2588,0.0418131,0.012904762,0.0418131,0.013049977
2589,0.151205,0.040574692,0.151205,0.040938504
2590,0.0648057,0.016364811,0.571215,0.15274811
2591,0.285337,0.08121082,0.285337,0.082229465
2592,0.221073,0.052193806,0.221073,0.052747644
2593,0.0781194,0.018981803,0.0781194,0.019166857
2594,0.0114758,0.0035826052,4.84879,1.5452791
2595,0.265207,0.07556619,4.77543,1.521985
2596,0.163277,0.0562929,1.96211,0.628363
2597,0.161104,0.0492658,1.66143,0.5300112
2598,0.816975,0.28145435,0.816975,0.28937995
2599,0.164526,0.04313599,0.683347,0.18489951
2600,0.455206,0.123540856,0.455206,0.12402652
2601,0.000145478,0.00062332355,0.0636149,0.017265422
2602,0.0144579,0.004478743,0.0144579,0.0044920323
2603,0.0490114,0.01208111,0.0490114,0.012121117
2604,0.137409,0.03668458,0.137409,0.036907893
2605,0.0910797,0.025733436,2.25622,0.73786163
2606,0.312542,0.058677223,0.312542,0.059152175
2607,0.52565,0.16156314,1.85258,0.64506674
2608,0.425468,0.14409742,0.425469,0.14668718
2609,0.901413,0.32187775,0.901413,0.3276796
2610,0.0790171,0.018936101,0.291836,0.07097459
2611,0.0870384,0.022407146,0.0870384,0.022682406
2612,0.125781,0.02897082,0.125781,0.0290404
2613,0.0618744,0.013816957,0.0618744,0.013891481
2614,0.0625807,0.013463636,0.0625807,0.0135386875
2615,0.843676,0.20140107,17.7858,8.644724
2616,0.30183,0.06631276,0.301831,0.066750124
2617,0.00906499,0.005823527,16.6135,8.365322
2618,0.017696,0.01043962,15.9821,8.13479
2619,0.0118034,0.031926923,15.5062,7.703855
2620,0.148474,0.18931964,15.145,7.3413687
2621,0.272354,0.076531895,0.272354,0.076975405
2622,0.0656313,0.04372897,14.697,7.0629067
2623,0.0928077,0.044181284,1.65871,0.6313765
2624,0.28849,0.11144759,0.288517,0.11211904
2625,0.250989,0.070081286,0.250989,0.070285514
2626,1.02639,0.4012764,1.02639,0.40271538
2627,0.108299,0.15727732,12.9674,6.3735037
2628,2.45273,0.96269494,7.38013,2.593566
2629,1.66343,0.53537023,1.66344,0.53695923
2630,3.24339,1.0836091,3.24501,1.0863432
2631,1.19121,0.52299863,5.47389,3.60824
2632,0.03346,0.055073142,4.26909,3.0807798
2633,0.394478,0.24054453,0.394509,0.24155489
2634,0.0433561,0.03984829,3.7527,2.766933
2635,0.182526,0.29115704,3.70757,2.7222335
2636,0.399069,0.5129782,2.43501,2.0012767
2637,0.358832,0.12739335,1.40166,1.1235257
2638,0.991621,0.4712234,1.05262,0.99462694
2639,1.36787,0.5153838,1.36788,0.5165444
2640,0.458618,0.18605852,0.619483,0.36111552
2641,0.330408,0.17362347,0.162096,0.1744591
2642,0.728699,0.4115689,0.729263,0.41234076
2643,0.340177,0.31763107,0.340188,0.31992304
2644,0.448001,0.41236272,0.453099,0.41316065
2645,0.0957913,0.03473736,0.618309,0.2178068
2646,0.0445585,0.04966377,0.523218,0.18286575
2647,0.401847,0.09639596,0.558189,0.13204503
2648,0.151874,0.03424246,0.151874,0.034389768
2649,0.00445913,0.0010115637,0.00445913,0.0010159903
2650,0.0131546,0.018266834,91.3665,52.710083
2651,0.708403,0.14639948,1.21466,0.33577973
2652,0.339332,0.12414067,0.51081,0.18786862
2653,0.445991,0.058665615,0.445991,0.059319668
2654,0.533819,0.14170325,90.1519,52.85903
2655,0.132812,0.028240329,0.132812,0.028450007
2656,0.454988,0.09819863,89.5629,53.044945
2657,0.237542,0.067259304,87.6798,52.88903
2658,0.211291,0.04206106,86.3324,52.94564
2659,0.376979,0.06327924,85.9044,53.162918
2660,0.288867,0.04433706,85.0976,53.29573
2661,0.152386,0.023513634,83.3529,53.040344
2662,0.668156,0.08641442,0.668156,0.08723389
2663,0.415999,0.07208989,82.5506,53.17628
2664,0.183199,0.029613994,80.4434,52.827343
2665,1.261,0.22442225,79.423,52.865505
2666,3.18498,0.55877423,31.7015,13.237534
2667,2.1198,0.49866185,26.8283,12.30727
2668,1.73987,0.50025266,24.7929,11.929574
2669,0.0170003,0.006753781,20.3382,9.654246
2670,0.143033,0.030563077,4.4411,0.9385393
2671,1.08769,0.26434517,1.08769,0.26689357
2672,0.242072,0.0593156,3.21038,0.6426786
2673,0.381515,0.088917576,0.381515,0.089800835
2674,1.08562,0.19320604,2.58679,0.4938147
2675,1.24799,0.25547206,1.24799,0.25642404
2676,0.25318,0.043008283,0.25318,0.043100387
2677,0.0931778,0.025030982,15.8827,8.724575
2678,1.04649,0.3176092,14.2648,8.217554
2679,1.31392,0.4243668,8.34206,4.282435
2680,0.109238,0.043489862,0.109238,0.044094384
2681,0.577942,0.22494906,6.91609,3.783119
2682,0.109842,0.05309432,5.69404,3.046124
2683,0.596349,0.26366585,4.45789,2.3933036
2684,0.558212,0.27060363,3.67044,2.0267298
2685,0.373745,0.18718378,1.88783,0.9633579
2686,0.0624455,0.036614522,1.17889,0.608883
2687,0.318482,0.14567932,0.318482,0.14691691
2688,0.797766,0.41851607,0.797912,0.42098063
2689,0.334846,0.15930438,0.334847,0.16025129
2690,0.809279,0.42235062,1.2241,0.78037107
2691,0.24115,0.1924303,0.24115,0.1936893
2692,0.0396853,0.020184824,0.174274,0.15907401
2693,0.180883,0.13344614,0.134733,0.13742508
2694,0.189588,0.086109474,0.189588,0.0868754
2695,0.12983,0.058738925,1.1262,0.5761667
2696,0.45642,0.2438744,0.996927,0.5118536
2697,0.589519,0.24918297,0.589519,0.25068733
2698,0.105027,0.042366613,0.645326,0.48210153
2699,0.435772,0.25964424,0.542064,0.43362176
2700,0.283739,0.14502455,0.283739,0.14682275
2701,0.0219698,0.008983362,4.90158,3.6004398
2702,0.499116,0.17074716,3.70675,3.2775683
2703,2.39825,0.99129367,3.22526,3.0928884
2704,0.0399681,0.012008263,0.643165,0.27323574
2705,0.802237,0.24271391,0.603493,0.25878924
2706,1.23542,0.31253007,1.23542,0.31789684
2707,2.22578,0.7617649,2.81027,1.2249162
2708,0.650023,0.4240569,0.586303,0.44896126
2709,0.0119009,0.006033085,0.0119009,0.00607376
2710,0.358091,0.14842154,0.358091,0.15204181
2711,1.17662,0.3121931,1.17662,0.31538805
2712,1.52884,0.46993285,1.52884,0.47543842
2713,0.496893,0.14349481,4.83539,1.9707547
2714,0.215334,0.052800458,3.48488,1.6150862
2715,0.763306,0.28777742,3.27241,1.5613486
2716,1.13956,0.47070706,2.27592,1.0135347
2717,0.651612,0.23435616,0.964266,0.4589844
2718,0.140706,0.060263384,0.140706,0.06071712
2719,0.0393256,0.017307857,0.173016,0.16086534
2720,0.21817,0.13806516,0.133847,0.14219195
2721,0.1727,0.06677914,0.1727,0.068422884
2722,0.60798,0.19522011,0.60798,0.19878188
2723,0.859437,0.2106865,0.859437,0.21282294
2724,1.52792,0.2443073,1.78779,0.49700984
2725,0.722763,0.24634925,0.260132,0.25084522
2726,0.15972,0.031999376,46.5229,39.625866
2727,0.729627,0.12204861,0.729627,0.12306042
2728,0.0938098,0.027011862,45.6381,39.55718
2729,1.1309,0.25555742,44.4124,38.506516
2730,0.0698268,0.018741412,1.87867,0.55083495
2731,1.01585,0.30655783,1.81015,0.53436935
2732,1.12534,0.20592563,1.12534,0.20813848
2733,0.655918,0.18960638,41.4172,37.727486
2734,0.326583,0.08380507,40.0795,37.356293
2735,0.513137,0.14216897,37.8241,36.301235
2736,1.61871,0.49668407,36.011,35.841774
2737,1.26131,0.5373244,33.6355,34.85359
2738,0.64203,0.3063867,32.1503,34.193
2739,0.219848,0.08884363,30.596,33.456276
2740,0.263008,0.13363808,30.0525,33.16603
2741,0.355959,0.14909625,8.72228,9.770505
2742,0.474585,0.2188604,7.76348,9.288835
2743,0.411135,0.19000931,7.07492,8.879076
2744,0.046429,0.0326597,6.62717,8.580416
2745,0.723955,0.6307258,6.35775,8.322907
2746,0.022627,0.021258265,4.94344,6.8280635
2747,0.0753622,0.06969528,0.825763,0.8643247
2748,0.552928,0.57047695,0.552942,0.5782186
2749,0.0980396,0.084711514,0.197516,0.2086559
2750,0.11094,0.11922105,0.0995819,0.12270345
2751,0.124063,0.13818975,4.09761,5.8997316
2752,0.265814,0.28270534,1.34652,1.686372
2753,0.0427029,0.03911847,0.892494,1.2198269
2754,0.229941,0.29637095,0.85037,1.1751161
2755,0.0318985,0.030187655,0.671017,0.8499977
2756,0.167674,0.19173053,0.639179,0.8139897
2757,0.22722,0.24180315,0.477388,0.6002431
2758,0.3022,0.3446273,0.250243,0.35413858
2759,0.190477,0.17494035,0.190477,0.17611262
2760,0.151892,0.16105591,2.63435,4.0410047
2761,1.16522,1.4547627,2.48915,3.856903
2762,0.00339568,0.0021890758,0.694602,0.5122006
2763,0.29165,0.23644517,0.29165,0.23699388
2764,0.399556,0.27137345,0.399556,0.27192757
2765,0.675904,0.66420025,0.675962,0.66840345
2766,0.191445,0.16028248,0.881538,1.1168711
2767,0.061631,0.056951344,0.636955,0.89733356
2768,0.175169,0.196612,0.575684,0.83074176
2769,0.0252085,0.026838416,0.470953,0.61279
2770,0.259975,0.33457842,0.445812,0.5816448
2771,0.207728,0.22832523,0.207728,0.23016346
2772,0.0547673,0.04993099,0.0547673,0.050195273
2773,0.706612,0.80497783,0.706802,0.8118014
2774,0.224502,0.15076622,0.224502,0.1518531
2775,0.045924,0.028288385,0.045924,0.028512778
2776,0.223149,0.10142056,0.223149,0.10199417
2777,0.607764,0.25274327,0.607771,0.25441283
2778,0.0522971,0.0281444,21.0723,23.210667
2779,0.0878946,0.045937307,18.5993,20.219175
2780,0.347466,0.18824583,16.9419,19.143835
2781,0.104065,0.04647183,1.07414,0.7537814
2782,0.601541,0.44689146,0.601251,0.4487482
2783,0.36893,0.25354248,0.36893,0.2546397
2784,0.557123,0.4331849,15.5157,18.20252
2785,0.0448448,0.037401512,14.2726,17.290936
2786,0.20561,0.19272073,13.6199,16.791988
2787,0.018892,0.0141187,13.2255,16.475967
2788,0.116051,0.07670661,12.1866,15.545371
2789,0.488299,0.32369596,10.9983,14.573358
2790,0.0563999,0.034884274,9.57428,13.231248
2791,0.423253,0.38014984,8.99294,12.778034
2792,0.324253,0.3288318,8.15421,12.049503
2793,0.0152943,0.01453977,6.95342,10.83993
2794,0.0528343,0.052059468,5.3515,8.099949
2795,0.372635,0.40574303,5.29842,8.090276
2796,0.0472113,0.05313531,4.91909,8.245164
2797,0.109785,0.124319844,4.87204,8.30051
2798,0.132549,0.10795917,0.132549,0.10813453
2799,0.00882925,0.0073263957,1.39813,1.8854206
2800,0.496289,0.53839,0.496172,0.53932655
2801,0.154879,0.16766134,0.893413,1.3324437
2802,0.367516,0.57097846,0.739533,1.1596168
2803,0.0477048,0.048052277,0.0477048,0.048145015
2804,0.486168,0.5166937,0.486221,0.51874703
2805,0.0242474,0.0192239,3.24383,7.032978
2806,0.0293458,0.023742614,3.05139,7.0260677
2807,0.183633,0.17406063,0.18363,0.17435774
2808,0.0389851,0.03507376,2.83885,7.0139074
2809,0.00923875,0.0072743585,2.60168,6.9003243
2810,0.146795,0.15797901,2.59262,7.0354466
2811,0.00811916,0.0067735678,2.46291,6.9168487
2812,0.19032,0.21361534,2.45507,6.863029
2813,0.00170148,0.0014463125,2.25788,6.039773
2814,0.606363,0.75029224,2.25628,5.858525
2815,0.000352667,0.0007361897,1.88165,4.5713944
2816,0.0928591,0.12018387,1.88144,4.445988
2817,0.30444,0.2471192,0.304441,0.24757835
2818,0.0240635,0.02333758,1.59827,3.8095446
2819,0.170929,0.27824643,1.5755,3.7450948
2820,0.00101561,0.0009770162,0.736036,1.2627684
2821,0.10578,0.117504984,0.735165,1.2594202
2822,0.000953275,0.00096295075,0.832657,1.1188948
2823,0.192859,0.21612117,0.831699,1.1116265
2824,0.632027,0.86035544,0.632105,0.86656046
2825,0.286121,0.2967444,0.286148,0.29761252
2826,0.0502233,0.050447106,0.910846,1.809006
2827,0.606638,0.79713976,0.861502,1.7474415
2828,0.0674082,0.06544605,0.0674082,0.065731205
2829,0.0748937,0.07212373,0.435315,0.744139
2830,0.39282,0.44216195,0.361565,0.67027426
2831,0.0152915,0.010953088,0.237175,0.22358972
2832,0.0911552,0.08384224,0.222008,0.2129649
2833,0.166201,0.12947123,0.166201,0.12947991
2834,0.114382,0.10297868,0.114382,0.1036055
2835,0.0618758,0.05260392,0.0618758,0.052670103
2836,0.0893673,0.09162608,0.198696,0.24266152
2837,0.132083,0.14959106,0.109696,0.15095136
2838,0.168604,0.18030529,0.168606,0.1808063
2839,0.0254604,0.023949362,1.58699,2.7547417
2840,0.364926,0.5911573,1.5624,2.7209818
2841,0.78921,0.715881,0.789299,0.7196529
2842,0.271296,0.32039332,0.271296,0.32221183
2843,0.195424,0.173847,0.912723,1.0304762
2844,0.0270623,0.02317145,0.563833,0.70629996
2845,0.272087,0.2866619,0.537246,0.67952526
2846,0.000224545,0.0010728763,0.325173,0.37755388
2847,0.0540696,0.08711355,0.324941,0.37446246
2848,0.25683,0.27593687,0.25683,0.2780423
2849,0.154713,0.1447448,0.154713,0.14592026
2850,0.352412,0.3860981,0.879145,0.9027487
2851,0.217149,0.22628696,0.21715,0.22705504
2852,0.309401,0.28532377,0.309437,0.2861688
2853,0.0925903,0.083836935,0.416943,0.36460134
2854,0.046018,0.05989278,0.324026,0.27955574
2855,0.243447,0.21365242,0.24345,0.21441817
2856,0.525215,0.42863566,0.525364,0.43029296
2857,0.33314,0.25676075,0.333134,0.25824335
2858,0.252417,0.17640932,0.603483,0.76630265
2859,0.0276567,0.037860174,0.351229,0.5879508
2860,0.0345508,0.032962244,0.329592,0.53919834
2861,0.257753,0.3326475,0.295143,0.5033591
2862,0.036856,0.027391253,0.110451,0.1587532
2863,0.0977743,0.1273244,0.0736641,0.13055716
2864,0.0822419,0.069489,1.07102,0.89499
2865,0.24491,0.24455331,0.987608,0.8181382
2866,0.192663,0.15939693,0.192663,0.1607923
2867,0.465473,0.38123322,0.465524,0.38449085
2868,0.189057,0.13749805,1.01986,0.91548455
2869,0.186029,0.11399328,0.186029,0.11438933
2870,0.316003,0.20143785,0.64535,0.6620871
2871,0.458882,0.45673543,0.329834,0.45964047
2872,0.187317,0.12302221,0.187317,0.12320548
2873,0.607187,0.46057165,0.607187,0.46235722
2874,0.681353,0.47927758,0.681354,0.48039088
2875,0.270319,0.110163346,1.56791,1.0277947
2876,0.33666,0.20784049,1.29734,0.9105446
2877,0.939562,0.67519045,0.939282,0.6793103
2878,0.0675036,0.028277025,2.42153,2.966902
2879,0.421103,0.16528374,0.80845,0.448383
2880,0.485862,0.27992955,0.388411,0.28197703
2881,0.0504251,0.02602005,1.54863,2.4915817
2882,2.13431,1.310987,1.50082,2.4652805
2883,0.0355398,0.014027711,0.23425,0.20338184
2884,0.30685,0.17711633,0.198968,0.1886486
2885,0.000237981,0.0015919588,0.472035,0.4831013
2886,0.38736,0.2657857,0.47187,0.47974652
2887,0.339938,0.10306398,0.339938,0.104237325
2888,0.001962,0.0011953625,0.18035,0.08936107
2889,0.17448,0.08411821,0.17448,0.08530674
2890,0.00390749,0.0018904756,0.00390733,0.00194474
2891,0.0684969,0.02592297,0.842043,0.43476552
2892,0.200253,0.12424163,0.773845,0.4085481
2893,0.645286,0.27818865,0.645286,0.27917635
2894,0.329724,0.15762803,0.329724,0.15878972
2895,0.0679335,0.027691046,0.918577,0.38783288
2896,0.222525,0.09548307,0.222525,0.09622767
2897,0.433661,0.16612576,0.628118,0.26059878
2898,0.0396005,0.016163038,0.0396005,0.01650175
2899,0.154855,0.07340514,0.154855,0.075216055
2900,0.229654,0.07846637,0.229654,0.07969516
2901,0.0829215,0.022717813,0.769431,0.45839578
2902,1.06343,0.32708874,0.687818,0.43567365
2903,0.249675,0.08628785,0.249675,0.08835783
2904,1.30416,0.29328394,1.30416,0.2959599
2905,0.793372,0.20069885,1.93331,0.960364
2906,0.441808,0.12970407,0.441808,0.13164519
2907,0.186618,0.059532244,0.699105,0.62127155
2908,0.979857,0.39711553,0.514079,0.5588991
2909,0.125566,0.028824437,0.125566,0.029045992
2910,0.220701,0.051559318,0.220701,0.051993534
2911,0.247811,0.05909005,0.247811,0.05965657
2912,0.685884,0.18451783,0.685884,0.18826765
2913,0.0638243,0.012275709,1.1355,1.0927579
2914,1.11031,0.28814432,1.07333,1.0985742
2915,0.617446,0.11004529,0.617446,0.111567765
2916,0.0054684,0.001329252,0.650198,0.6881926
2917,1.41659,0.5030036,0.645192,0.68244296
2918,0.576144,0.13770925,0.576144,0.14052242
2919,0.862605,0.14249422,0.862605,0.14349437
2920,0.349535,0.06360111,1.72212,0.5136308
2921,0.362945,0.055951912,0.823061,0.35412008
2922,1.13264,0.29241255,0.462727,0.29972717
2923,0.551423,0.09926396,0.551423,0.09966555
2924,0.646273,0.09194849,1.47629,0.47152522
2925,1.68445,0.36687827,0.83461,0.38272542
2926,0.472749,0.071834885,0.472749,0.07256585
2927,0.24066,0.04100262,0.24066,0.041414477
2928,1.13637,0.18731332,1.13637,0.1890592
2929,0.20283,0.03475091,1.4647,0.38139212
2930,0.659056,0.13306081,1.26592,0.34865975
2931,0.021776,0.0031778833,1.39972,0.21714781
2932,0.733541,0.11969665,0.733541,0.12031722
2933,0.644405,0.09299096,0.644405,0.09343614
2934,0.0181004,0.037894644,0.25847,0.14494373
2935,0.1497,0.06842033,0.1497,0.06849586
2936,0.0906642,0.038253196,0.0906643,0.038356867
2937,0.0253867,0.030781344,0.0253867,0.030833023
2938,0.0716731,0.03849057,0.0716731,0.038558073
2939,0.630095,0.53311175,0.630261,0.5346471
2940,0.106997,0.07342109,8.19246,3.1032515
2941,0.0048614,0.0031067862,7.97765,2.952464
2942,0.0130381,0.009200135,7.95808,2.940218
2943,0.224362,0.122480094,7.6982,2.796257
2944,0.0560844,0.03468735,7.45427,2.65654
2945,0.0068746,0.0045148795,5.99062,1.9935387
2946,0.0801718,0.033497546,5.87955,1.9281731
2947,0.0739183,0.030527059,5.7571,1.8774279
2948,0.30821,0.14164926,5.00286,1.652602
2949,0.149586,0.059636716,4.44722,1.386248
2950,0.389515,0.0801881,1.14885,0.22608319
2951,0.500637,0.09523009,0.500637,0.096211895
2952,0.258691,0.047327906,0.258691,0.04777671
2953,0.234131,0.05616227,3.16323,1.1008626
2954,0.0340153,0.0081078345,0.0340153,0.008169248
2955,0.226616,0.07489698,2.90803,1.0380632
2956,0.347739,0.13178204,2.6923,0.96430284
2957,0.598766,0.18743248,0.598833,0.18853286
2958,0.0233435,0.0070355954,2.09792,0.6405388
2959,0.0185753,0.0056862617,1.94864,0.5952379
2960,0.283827,0.10689094,1.93102,0.58820844
2961,0.334987,0.05914088,0.334987,0.05963405
2962,0.164916,0.02931505,1.75347,0.40961128
2963,0.0658711,0.011975133,1.36863,0.33586434
2964,0.105881,0.019503701,0.980162,0.25972694
2965,0.0191056,0.0036021462,0.277887,0.12597698
2966,0.505688,0.11790503,0.25902,0.12149635
2967,0.596944,0.11165713,0.596944,0.11251618
2968,0.323016,0.061462283,0.323016,0.062009845
2969,0.220403,0.04143693,0.220403,0.041894667
2970,0.127651,0.037422605,0.127651,0.037615854
2971,0.260522,0.12498977,0.260522,0.12521239
2972,0.68427,0.19353357,0.684277,0.1945513
2973,0.0466175,0.018060504,0.0466175,0.018127544
2974,0.106121,0.06192985,0.106122,0.062161006
2975,0.0285912,0.015623956,1.41345,0.62820894
2976,0.0306071,0.015194567,0.473415,0.18956265
2977,0.319205,0.10339522,0.319205,0.10375374
2978,0.123602,0.06978763,0.123602,0.07000633
2979,0.178014,0.08843671,0.911436,0.42065954
2980,0.544241,0.22815146,0.544241,0.22905172
2981,0.189158,0.10146777,0.189164,0.10178332
2982,0.029826,0.017135061,0.029826,0.017180497
2983,0.247439,0.13463232,0.247439,0.13501535
2984,0.0156719,0.009656319,0.0156719,0.0097031025
2985,0.11491,0.07781817,0.114922,0.07799685
2986,0.148814,0.09561472,0.148814,0.095807016
2987,0.0264965,0.033109363,0.0264966,0.033196982
2988,0.519471,0.48027813,15.0531,14.4552965
2989,0.655523,0.48183987,14.286,13.771648
2990,0.479944,0.3080832,13.5312,13.214891
2991,0.711062,0.592177,12.277,12.413302
2992,0.770987,0.3667426,10.8477,11.484292
2993,0.0950464,0.043631922,8.18659,10.224878
2994,0.236884,0.12121672,8.11051,10.180223
2995,0.345676,0.13776383,8.36929,10.001676
2996,1.96999,0.9386272,8.04475,9.850777
2997,0.0527742,0.016799701,3.40797,1.4007186
2998,0.0103443,0.0031889468,0.920365,0.33945
2999,0.90974,0.33487052,0.90974,0.33529702
3000,0.000281264,0.0005599709,0.000281264,0.0005601239
3001,0.0672323,0.028856503,2.43506,1.0429562
3002,1.04564,0.40779558,1.04564,0.4084785
3003,1.03063,0.4199748,1.32271,0.6042168
3004,0.380696,0.18233778,0.294888,0.18339029
3005,0.188824,0.07505308,8.65932,7.447319
3006,0.28039,0.09773616,0.28039,0.09792863
3007,0.541279,0.20195332,8.21191,7.267999
3008,1.48693,0.5967094,7.71091,7.0595326
3009,1.79817,0.67565185,1.79824,0.6764646
3010,2.09397,0.73016477,2.59198,1.2325706
3011,1.06595,0.4956958,0.503996,0.50064856
3012,0.767919,0.22838496,8.85834,4.453916
3013,1.53951,0.44894794,1.53951,0.45000288
3014,2.87166,1.0280854,6.54771,3.7534752
3015,2.85284,2.2705789,2.85284,2.2945588
3016,0.113376,0.042152178,0.817276,0.40422276
3017,0.766895,0.3507908,0.704359,0.36057308
3018,1.93609,0.8926729,1.93611,0.89433813
3019,0.768419,0.34535697,0.768419,0.34578884
3020,0.788073,0.50539786,0.78847,0.5062173
3021,0.119018,0.08970221,0.119024,0.090042464
3022,0.283993,0.22571917,0.284074,0.22600481
3023,0.178197,0.34213609,0.178996,0.34273207
3024,0.0172534,0.046911024,41.1065,69.20965
3025,0.37691,0.5683386,41.1512,68.95025
3026,0.33039,0.2714138,1.30496,1.6201215
3027,1.09691,1.3422599,0.97353,1.3478302
3028,0.469796,0.45518333,43.3736,66.329124
3029,0.859844,0.63656944,0.859887,0.6373502
3030,0.194091,0.16052742,42.3475,65.200645
3031,0.687837,0.7428837,42.3203,65.028984
3032,0.474612,0.446644,46.3543,63.107246
3033,0.018854,0.01761408,45.4997,61.784176
3034,0.519393,0.6679443,45.5138,61.929764
3035,0.0103069,0.011271397,55.5234,62.5579
3036,0.836528,1.0843469,55.5488,62.897682
3037,0.132518,0.12849256,0.688084,1.1854765
3038,0.0198295,0.019801805,0.26433,0.5603603
3039,0.0737983,0.10137209,0.244737,0.5399139
3040,0.0096673,0.010418707,0.203195,0.43335062
3041,0.265234,0.4101818,0.193572,0.42180294
3042,0.000423925,0.0006952,0.293084,0.49541527
3043,0.0184969,0.03533991,0.292726,0.49467945
3044,0.0042993,0.0045038224,0.392701,0.45629638
3045,0.432524,0.44157922,0.388474,0.4506798
3046,0.041011,0.048289455,60.7125,63.26268
3047,0.614058,0.4975793,59.9944,63.25775
3048,0.762897,0.39008686,0.762946,0.39116794
3049,0.307011,0.14988588,58.7234,62.783997
3050,1.909,0.9397742,1.91142,0.94183326
3051,0.0757947,0.041330416,56.5887,62.041542
3052,0.922138,0.45713183,55.3565,61.719208
3053,4.15252,2.2193623,53.1113,60.809013
3054,0.276819,0.15233734,49.256,58.79676
3055,0.488166,0.20093,27.5772,16.906868
3056,0.30912,0.17549886,27.1063,16.671778
3057,4.06962,2.0383537,5.56921,4.0291643
3058,2.86229,1.9449263,1.48293,1.9800177
3059,0.725162,0.31270874,21.9146,12.178608
3060,1.41139,0.60611457,8.07205,3.3975973
3061,2.14258,0.8650611,2.14258,0.8682201
3062,4.51653,1.9099038,4.51653,1.9146364
3063,3.02114,1.3321044,13.1198,8.4306135
3064,2.3697,0.90151185,6.55802,5.2416935
3065,4.44017,2.0895042,4.2334,4.3070583
3066,0.027646,0.012340002,3.85135,2.0784206
3067,1.43393,0.760418,3.82247,2.0513263
3068,2.26228,1.1807251,2.26289,1.1902397
3069,0.00379317,0.0021968444,3.56062,1.8203133
3070,2.80196,1.380483,2.81128,1.3844452
3071,0.323037,0.15149143,0.745607,0.42890632
3072,0.592114,0.27246857,0.426716,0.27630898
3073,0.630858,0.25277585,22.3257,42.013306
3074,0.272622,0.10962087,19.4792,40.62987
3075,2.13599,1.0625927,19.2241,40.409004
3076,0.654864,0.27044243,20.7859,37.955936
3077,2.48832,1.4461236,20.1576,37.3816
3078,0.032643,0.017799662,24.9367,34.152264
3079,0.716845,0.2833732,8.40749,14.034571
3080,0.603471,0.287485,6.15058,11.986425
3081,0.429098,0.39775684,5.55547,11.550867
3082,0.175112,0.12276081,5.62002,10.734564
3083,0.428535,0.35505858,5.44624,10.525922
3084,0.00779795,0.0066468767,0.797177,1.516657
3085,0.989579,1.3826445,0.789537,1.4952075
3086,0.046508,0.04352911,4.26815,8.340311
3087,0.959679,1.1487819,4.22137,8.241972
3088,0.271356,0.38216445,3.20611,6.67122
3089,3.06025,5.712576,2.93495,6.1911983
3090,0.094303,0.04098964,1.55631,1.6213895
3091,2.88844,1.5510956,1.4634,1.5775619
3092,0.194714,0.10896334,16.5005,19.822079
3093,4.96133,3.262793,15.1303,18.846735
3094,0.244335,0.3305491,10.216,15.400738
3095,0.275637,0.33620408,10.1457,13.978613
3096,5.98433,6.7993917,9.87442,13.419403
3097,0.00210875,0.0020656069,5.20192,5.5951457
3098,0.950133,0.7778086,5.2001,5.539554
3099,0.0015436,0.0013712357,1.02526,1.0197978
3100,1.05677,0.9324747,1.02373,1.0052288
3101,0.0652078,0.057747502,3.50823,3.4287655
3102,1.0918,1.2831104,3.44314,3.3354616
3103,0.0279568,0.028855775,2.36724,1.8450024
3104,0.135054,0.15476215,2.33852,1.8008815
3105,0.974015,0.6543636,0.974017,0.6610097
3106,1.15893,0.8811254,1.15893,0.8926195
3107,0.681083,0.33478257,1.18125,0.6644341
3108,0.359632,0.19465719,0.501218,0.32547072
3109,0.272982,0.11796218,0.272982,0.118685514
3110,0.165302,0.06443627,2.23237,1.0768886
3111,0.888002,0.36406866,2.07105,1.0106298
3112,1.296,0.6348177,1.3016,0.6359563
3113,1.5006,0.7239161,1.50113,0.7254065
3114,1.19995,0.55479985,1.2003,0.5562848
3115,0.698056,0.38871378,0.698076,0.39069384
3116,0.838565,0.6924592,0.840842,0.69424593
3117,0.00108344,0.0014473867,0.737152,1.0176644
3118,0.460685,0.4653711,0.736285,1.0150676
3119,0.538779,0.5298916,0.538839,0.5324427
3120,0.374081,0.27661008,1.85059,1.7254398
3121,0.098273,0.096213356,1.48036,1.4447564
3122,0.553962,0.4253449,1.4445,1.3315369
3123,1.75861,0.8932768,0.910635,0.9030173
3124,0.00490634,0.019514326,0.00490715,0.019560387
3125,1.41078,2.1386244,18.1799,27.91978
3126,0.959853,0.96076506,0.964497,0.9626994
3127,0.166953,0.3125239,15.8326,24.57763
3128,1.3252,1.3073627,14.5891,22.64684
3129,0.857593,0.9600636,13.3103,21.14607
3130,0.812452,0.8084047,13.8829,19.449333
3131,0.00834262,0.0091792215,10.4817,15.45718
3132,0.760273,0.77809644,3.76971,4.285778
3133,1.00738,1.2063522,2.46271,2.917088
3134,0.0607182,0.07029124,0.389397,0.46993634
3135,0.109451,0.13466325,0.329272,0.399834
3136,0.00712503,0.008293586,0.242577,0.26512828
3137,0.230723,0.2532374,0.235427,0.25690615
3138,1.05459,1.2252413,1.05548,1.2305435
3139,0.500037,0.57664436,0.500045,0.5786927
3140,0.592822,0.6120317,6.70109,11.045985
3141,0.411197,0.51280266,6.11515,10.309259
3142,0.00902271,0.010624586,5.80601,9.397312
3143,0.18333,0.26442316,5.79695,9.3239
3144,0.07492,0.100286946,5.60494,8.82939
3145,0.634118,0.78610235,5.23993,8.339169
3146,0.502235,0.82634926,4.6107,7.526007
3147,0.0274644,0.029405825,0.727894,0.88062084
3148,0.667137,0.83860517,0.700398,0.84948796
3149,0.269965,0.33753857,3.80653,5.704573
3150,0.0996808,0.13790804,3.53379,5.3605514
3151,4.71862e-05,0.0007045504,1.74332,3.3580463
3152,0.0623487,0.08508081,1.7433,3.35751
3153,0.00357066,0.0034400644,1.70662,3.284158
3154,0.286313,0.45279253,1.70334,3.2859588
3155,0.164632,0.16400671,1.76316,2.8561714
3156,0.0633271,0.08093139,1.60087,2.701715
3157,0.0279826,0.027192354,1.74443,2.6472838
3158,1.08371,1.0502796,1.71876,2.6216784
3159,2.11886,1.5313022,2.11904,1.5361285
3160,0.0193349,0.020450613,1.61151,1.8402052
3161,0.680287,0.6724806,1.0251,1.2515725
3162,0.509243,0.5644957,0.343465,0.57563007
3163,0.566534,0.55936146,0.56688,0.5632715
3164,0.291753,0.35235155,0.291985,0.35402018
3165,0.140797,0.14296275,2.54543,3.03335
3166,0.999229,1.0209008,1.02966,1.0237198
3167,0.125301,0.12955756,1.3718,1.8621755
3168,0.214039,0.2602512,1.24762,1.7309294
3169,0.523369,0.5447686,1.09194,1.4620115
3170,0.689868,0.9052638,0.566404,0.91538954
3171,0.42578,0.45447204,1.08933,1.4094628
3172,0.270007,0.336089,0.665758,0.9577849
3173,0.510151,0.61240345,0.51086,0.615994
3174,0.0307278,0.054725613,0.0307279,0.05512646
3175,0.238659,0.15826854,0.297007,0.20451601
3176,0.0328982,0.027241247,0.0328982,0.027403664
3177,0.0253407,0.017471662,0.0253407,0.017582858
3178,0.168537,0.19119082,0.168543,0.19252095
3179,0.474164,0.61568815,0.949609,1.1230781
3180,0.126493,0.17061266,0.471779,0.50125855
3181,0.0162413,0.020315092,0.299633,0.32393783
3182,0.14196,0.15934433,0.14196,0.16172013
3183,0.141432,0.13902335,0.141432,0.13968886
3184,2.01896,0.68630046,2.02997,0.6879616
3185,0.718648,0.22732286,0.719518,0.22809239
3186,22.5559,2.276552,110.482,17.740623
3187,0.860703,0.14442804,69.1437,14.288536
3188,4.82755,0.60631526,4.82761,0.60720366
3189,0.408366,0.08286888,63.1758,13.529309
3190,1.66999,0.25969577,12.2022,2.148358
3191,1.69662,0.31128937,1.69662,0.312404
3192,8.01803,1.5699936,8.46419,1.573333
3193,0.075295,0.024695463,50.2792,11.28836
3194,0.733817,0.17410316,43.1767,10.508923
3195,0.834551,0.1260184,0.834551,0.12628512
3196,0.239453,0.12230376,41.2659,10.19767
3197,5.42273,0.93565863,16.8516,3.742547
3198,0.261526,0.1342049,7.00028,1.9464238
3199,1.51879,0.4420393,1.51879,0.44262147
3200,5.07685,1.3645953,5.17516,1.3670424
3201,4.30956,0.85436296,4.31093,0.8562341
3202,3.5892,0.57219285,24.0029,6.320532
3203,5.47558,1.1057398,17.1899,5.1458945
3204,0.83252,0.25085494,10.2418,3.6017153
3205,5.42272,2.0903509,5.39047,2.0971763
3206,4.02771,1.2410594,4.02766,1.2445385
3207,1.3322,0.42577147,1.33717,0.42655122
3208,3.0711,0.58939844,3.15681,0.59156275
3209,6.94217,0.7435098,6.94217,0.74488336
3210,15.8324,1.164128,15.8325,1.1669176
3211,1.65675,0.17978287,1.65675,0.17946538
3212,8.64286,0.8716899,8.64287,0.8705461
3213,1.94876,0.2947368,1.94876,0.29598
3214,2.34185,0.22613618,2.34185,0.22581616
3215,0.783177,0.10839795,109.063,27.38034
3216,0.171051,0.04190388,98.3545,25.014946
3217,3.89769,0.52742416,97.1553,24.890701
3218,0.243529,0.122652054,21.0195,4.764911
3219,3.42912,0.75352514,3.42914,0.7578315
3220,0.130748,0.015807606,17.3475,3.9704041
3221,2.17405,0.4734414,3.69125,0.94565046
3222,0.360635,0.12153409,1.20442,0.3806572
3223,0.134818,0.033891495,0.134818,0.03479463
3224,0.280029,0.08693104,0.708965,0.21962363
3225,0.046581,0.012120872,0.046581,0.012471476
3226,0.109715,0.03612307,0.382354,0.11651111
3227,0.0996283,0.028590221,0.0996283,0.029482462
3228,0.173011,0.047118228,0.173011,0.04856502
3229,0.312757,0.08473735,0.312757,0.0867426
3230,0.0419315,0.009996604,13.5256,3.0757465
3231,1.21471,0.23826124,9.91193,2.5165677
3232,0.504378,0.11259473,1.46873,0.5588904
3233,1.25116,0.41508314,0.964976,0.440105
3234,1.07324,0.21196888,7.22962,1.72998
3235,1.09936,0.21854407,1.09936,0.21944794
3236,0.266075,0.050579123,5.05702,1.301185
3237,0.213075,0.04885767,4.7055,1.2297305
3238,0.827547,0.17340614,3.83178,1.0002916
3239,0.111972,0.028432213,0.111972,0.029042628
3240,0.219161,0.06643787,2.89226,0.78690994
3241,1.54174,0.3766816,1.54174,0.3840986
3242,1.13135,0.31813797,1.13135,0.32486647
3243,0.660645,0.1675368,0.660645,0.17122698
3244,0.0854453,0.016797444,0.0854453,0.01710232
3245,3.57192,0.59182596,3.57192,0.59454966
3246,0.847698,0.26506898,71.9821,19.583204
3247,1.81366,0.2615686,3.66777,0.6854737
3248,0.115587,0.02008573,0.115587,0.020174399
3249,1.27943,0.28575656,1.73851,0.39650768
3250,0.280097,0.06224095,0.280097,0.063638225
3251,0.17898,0.038490158,0.17898,0.039296985
3252,2.22288,0.3426543,67.3795,18.454462
3253,1.76703,0.3315488,63.8127,17.703686
3254,1.32555,0.19170609,2.15199,0.34474623
3255,0.548407,0.10460342,0.548407,0.10662308
3256,0.278035,0.042697597,0.278035,0.043053918
3257,1.24895,0.20414001,59.8261,16.8022
3258,0.861609,0.15183043,53.3059,15.3084755
3259,2.55369,0.6383595,2.5537,0.65874493
3260,0.0230048,0.007225679,49.871,14.366616
3261,0.738276,0.15172379,48.3107,14.014964
3262,3.37049,1.0264981,45.6755,13.526304
3263,0.523476,0.15970604,1.02302,0.39141524
3264,0.490025,0.19570827,0.499467,0.21688989
3265,0.0116442,0.002993971,41.2094,12.138899
3266,0.940206,0.27107006,40.4989,12.010802
3267,0.285395,0.085046306,38.27,11.353033
3268,1.1551,0.33723727,8.88852,2.4852438
3269,1.54742,0.4204476,4.5696,1.2200651
3270,0.850456,0.22434059,2.53365,0.66615856
3271,0.7075,0.18249923,1.30554,0.33876014
3272,0.217638,0.04923773,0.217638,0.049910583
3273,0.380402,0.10066968,0.380402,0.102097854
3274,0.377658,0.08993302,0.377658,0.091514066
3275,0.48853,0.103974454,0.48853,0.10709809
3276,0.400872,0.091726415,3.16381,0.8849245
3277,0.168381,0.0367975,2.48385,0.7223407
3278,0.80899,0.19777186,0.80899,0.20566827
3279,1.50648,0.4461601,1.50648,0.46151674
3280,0.279082,0.052039422,0.279082,0.054124508
3281,0.0797465,0.021636507,29.0828,8.85704
3282,0.00603813,0.0014060586,28.3825,8.812455
3283,0.176946,0.06660112,27.488,8.72955
3284,0.062089,0.023496382,21.7827,7.206564
3285,0.00505388,0.0029867182,21.248,7.1377397
3286,0.140983,0.04813139,14.6738,4.5915575
3287,0.613606,0.18587838,0.613606,0.18942176
3288,0.939774,0.3272683,13.9143,4.4197006
3289,0.383942,0.13416652,12.3822,3.9868236
3290,0.565511,0.32666427,10.652,3.4700308
3291,0.0275353,0.013212259,5.29329,1.632904
3292,0.305354,0.15347716,5.26334,1.6640625
3293,0.207517,0.07929037,0.869244,0.31724662
3294,0.115309,0.03732453,0.115309,0.03806163
3295,0.0583031,0.01900476,0.546418,0.1973108
3296,0.355451,0.13279076,0.355451,0.13608773
3297,0.132664,0.039293867,0.132664,0.039869882
3298,0.0106677,0.004340066,3.51157,1.2387769
3299,0.0543409,0.026855566,2.2277,0.7406813
3300,1.3251,0.38478065,1.3251,0.388161
3301,0.167864,0.08285915,0.848265,0.3227176
3302,0.469269,0.16395949,0.469269,0.16704108
3303,0.211132,0.067083955,0.211132,0.06840602
3304,0.0230494,0.009901929,1.27293,0.50172
3305,0.24283,0.14365187,1.24953,0.49689323
3306,0.985862,0.33319372,0.985862,0.33772016
3307,0.0655733,0.027726997,4.7767,1.5658648
3308,0.30625,0.1268183,2.99287,1.0306628
3309,0.0954622,0.038591813,2.01512,0.64479864
3310,0.138571,0.03602682,0.138571,0.03647384
3311,0.138649,0.060601886,1.78119,0.57307565
3312,0.929113,0.27446803,0.929119,0.27799314
3313,0.329694,0.102367915,0.713531,0.2334482
3314,0.412044,0.12709403,0.38407,0.13106841
3315,0.0266953,0.010893462,0.671767,0.26978
3316,0.781807,0.2537741,0.645164,0.26201388
3317,0.0366021,0.01547038,1.71816,0.5332485
3318,0.0599049,0.026049009,0.0599049,0.026746966
3319,0.100267,0.041976437,1.6215,0.49711987
3320,0.605005,0.23544426,1.52084,0.45780984
3321,0.799159,0.1975937,0.799159,0.20052704
3322,0.294841,0.08760487,1.33824,0.43366265
3323,0.412641,0.13394722,0.412641,0.13583691
3324,0.630762,0.20401205,0.630762,0.20708495
3325,0.574524,0.15655467,0.574524,0.15870333
3326,0.880875,0.3045124,6.56857,2.6376176
3327,0.325025,0.11729455,4.65397,1.8403459
3328,0.420472,0.15854006,4.07953,1.6240737
3329,0.530734,0.17531903,0.530734,0.17809108
3330,0.966037,0.38338938,3.12818,1.2852912
3331,0.804391,0.307376,1.76039,0.7266705
3332,0.491156,0.20951843,0.491156,0.21335866
3333,0.46484,0.19540209,0.46484,0.19859992
3334,0.401729,0.16079934,0.401729,0.16520324
3335,0.249285,0.100776955,0.249285,0.10338344
3336,0.0236642,0.009362918,1.03245,0.49882287
3337,0.399662,0.23580064,1.00871,0.4858136
3338,0.186739,0.08267352,0.186739,0.084519744
3339,0.320599,0.13254124,0.320599,0.13587467
3340,0.469461,0.14952701,0.469461,0.1523682
3341,1.35317,0.39719766,5.51738,1.57974
3342,0.414457,0.10272836,0.414457,0.104196936
3343,0.167197,0.05207502,3.73523,1.0783437
3344,0.336335,0.12543948,3.15392,0.89837337
3345,0.768775,0.31037197,2.81205,0.77470887
3346,0.229822,0.06487692,0.229822,0.06589594
3347,1.30911,0.3605078,1.30911,0.3650659
3348,0.409307,0.1253352,0.409307,0.12981273
3349,0.88748,0.1967574,0.88748,0.20340547
3350,0.615147,0.1344538,0.615147,0.139108
3351,1.26668,0.4124098,1.26668,0.43583703
3352,0.69681,0.17170349,0.69681,0.18003966
3353,1.87165,0.27478313,1.87165,0.32171616
3354,1.53169,0.2143799,1.53169,0.24183053
3355,5.24653,1.0669699,5.24674,1.0963693
3356,1.23817,0.19596885,1.23818,0.19756971
3357,0.977213,0.112997234,0.977213,0.111423336
3358,2.93039,0.40436754,9.84534,1.9663329
3359,0.0143111,0.0050941273,2.9381,0.6397053
3360,1.37184,0.1467231,1.37184,0.19163951
3361,1.55194,0.15790741,1.55194,0.23454261
3362,3.97684,0.33822352,3.97684,0.5010775
3363,0.564184,0.083095066,0.564184,0.1221198
3364,42.1899,2.3772676,42.1914,2.3891618
3365,0.445572,0.08343933,0.445572,0.082599975
3366,2.0968,0.3294591,11.3991,1.0551811
3367,0.943979,0.07053474,9.1635,0.7258316
3368,0.643209,0.03648019,0.643209,0.036295522
3369,0.555847,0.039948154,7.57631,0.6347003
3370,0.286687,0.022383828,0.286687,0.022101738
3371,0.084481,0.0045628455,6.73378,0.5883436
3372,0.700602,0.116587155,6.52274,0.5900012
3373,0.286909,0.02847047,0.286909,0.028323766
3374,0.00785551,0.0025661865,5.53522,0.45942467
3375,1.41604,0.13683955,1.41604,0.1360382
3376,1.79905e-05,0.0006126558,4.11133,0.3340621
3377,1.28165,0.09158656,1.28165,0.09139744
3378,0.905447,0.062206402,2.82966,0.24921043
3379,1.50585,0.13799907,1.50585,0.13778777
3380,0.418362,0.05243297,0.418362,0.052344203
3381,0.126561,0.0075302017,0.126561,0.0075482493
3382,0.138641,0.016399765,0.138641,0.016280733
3383,0.619698,0.08949283,0.619698,0.08915506
3384,1.48592,0.14107043,1.48592,0.13954149
3385,2.39201,0.21961556,2.39201,0.21743676
3386,3.33152,0.4784495,3.3315,0.51977915
3387,0.200849,0.079313494,12.7289,2.4873414
3388,0.738351,0.12293892,12.1054,2.1776385
3389,1.44931,0.21860427,10.9247,1.9142153
3390,2.27868,0.33126587,2.27877,0.3344793
3391,0.652378,0.09539244,7.19422,1.3118358
3392,0.0288337,0.0061267605,0.0288337,0.0061422796
3393,0.498998,0.07800293,6.51281,1.1771457
3394,0.00117755,0.00046590652,5.65863,1.0250428
3395,0.357721,0.11250124,0.720548,0.24389017
3396,0.2358,0.07301847,0.2358,0.07818824
3397,0.126696,0.030392233,0.126696,0.03224191
3398,4.93679,0.7450277,4.9369,0.7496177
3399,0.354736,0.041351512,0.354736,0.041410573
3400,0.436575,0.082195625,0.436575,0.083138034
3401,0.413766,0.16466825,0.41377,0.1663765
3402,0.130273,0.06536067,0.13028,0.065849006
3403,0.3351,0.03332837,0.3351,0.0334728
3404,3.46075,0.47074738,3.46051,0.46940124
3405,1.81427,0.29209435,11.5913,3.2018366
3406,0.0214735,0.005875507,4.6924,1.3531446
3407,0.455517,0.059461087,0.455517,0.059298918
3408,4.21504,0.43907225,4.21537,0.76242197
3409,5.08056,0.9043537,5.08117,0.89882565
3410,0.653218,0.12952386,0.653218,0.12830545
3411,1.36716,0.32978237,1.36716,0.32360685
