node,aire_cum,lac,r,beta
0,83202.3,False,0.7153138774204436,0.8309269547462463
1,83202.07,True,0.7194603722329559,0.8308053016662598
2,81826.31,False,0.705741895056057,0.8307815194129944
3,81790.71,False,0.7123661179885759,0.8306896090507507
4,81764.02,False,0.7184638819699694,0.8305980563163757
5,81733.17,False,0.7255155743541761,0.8304660320281982
6,32.48,False,0.5250395815389955,0.7192301154136658
7,81686.88,False,0.7310073305589603,0.8303950428962708
8,81529.35,False,0.7373100351527951,0.8305413722991943
9,3.62,False,0.5972739214366866,0.6618099212646484
10,81524.26,False,0.7418381033617077,0.8304372429847717
11,81514.04,False,0.7464356223399338,0.8303602933883667
12,81036.49,False,0.7541612140256237,0.8317753672599792
13,81024.375,False,0.7603930247157282,0.8316177129745483
14,78792.95,False,0.7580514486405836,0.8323953151702881
15,78761.28,False,0.7639029754603964,0.8322934508323669
16,12.14,False,0.23557828447647194,0.6215378046035767
17,78703.33,False,0.7700810545750981,0.8322616815567017
18,8.42,False,0.3076061410271374,0.5866187810897827
19,78644.53,False,0.7755713810372978,0.8322409987449646
20,78421.72,False,0.7808345015115487,0.8325526118278503
21,76.340004,False,0.5073334489280511,0.7377646565437317
22,39.170002,False,0.3859711313638997,0.7608556151390076
23,3.38,False,0.4430556229437701,0.7929199934005737
24,3.97,False,0.3950432728617882,0.8487982749938965
25,29.890001,False,0.3861696759907676,0.7238783836364746
26,78331.586,False,0.7877302471881841,0.8325114846229553
27,5531.91,False,0.7890453074415735,0.8596652150154114
28,7.3,False,0.43008297478010504,0.6692662239074707
29,5518.62,False,0.798177813417389,0.8597429990768433
30,5494.91,False,0.8052835873783927,0.8599622845649719
31,5466.95,False,0.8114592073279939,0.8604376316070557
32,5462.4004,False,0.8173731871700406,0.8603982925415039
33,5452.0903,False,0.8220668043342518,0.860585629940033
34,5437.5703,False,0.8252940076179492,0.8607137799263
35,1.29,False,0.3500130889798996,0.7356794476509094
36,5418.43,False,0.827885979894052,0.8608732223510742
37,5385.58,False,0.8295714841562549,0.8617560863494873
38,603.12,False,0.7290512551053965,0.8352998495101929
39,592.71,False,0.7058971610057458,0.8373609185218811
40,39.160004,False,0.4473016558747055,0.7579323053359985
41,14.92,False,0.44767871473220333,0.7671371102333069
42,12.1,False,0.270498350378276,0.752777099609375
43,530.69,False,0.6921086607410046,0.8466988801956177
44,488.84003,False,0.6892104910915311,0.853630542755127
45,460.11002,False,0.6729979413506154,0.8578011393547058
46,69.96,False,0.35798880224999646,0.8075180649757385
47,389.07,False,0.6125066048223348,0.8687007427215576
48,255.70003,False,0.5288158305620732,0.8956250548362732
49,234.07002,False,0.45363457134363466,0.9013193845748901
50,233.58002,True,0.40627366498040357,0.902274489402771
51,20.02,False,0.4174698051641297,0.8190141320228577
52,19.9,True,0.2810049788222507,0.8185679316520691
53,11.07,False,0.370521330214807,0.7836589217185974
54,191.81001,False,0.40314892281212283,0.9082147479057312
55,176.07,True,0.28728920813135456,0.9187216758728027
56,8.6,False,0.26935404529889395,0.9023736715316772
57,4.41,False,0.21007054430550237,0.8030256032943726
58,21.71,False,0.36205602349611354,0.8280954957008362
59,6.82,False,0.2841122013052177,0.8729813694953918
60,12.44,False,0.23139852513366096,0.7946215867996216
61,102.96999,False,0.31270178852578945,0.9221915006637573
62,92.34,True,0.1936827267462342,0.9300702214241028
63,28.3,False,0.3079471888267784,0.938540518283844
64,21.33,True,0.1313330243940494,0.9555399417877197
65,10.969999,False,0.2817258719717495,0.875612199306488
66,8.94,True,0.1420230404036073,0.8971009254455566
67,17.82,False,0.4386651922149684,0.8414120078086853
68,14.48,True,0.2394272725258102,0.8573107719421387
69,68.98,False,0.39698784780418356,0.827569305896759
70,59.15,True,0.26010206161037736,0.8304970264434814
71,15.14,False,0.2810655312290707,0.7633650898933411
72,24.32,False,0.48430234507091235,0.8287074565887451
73,16.939999,False,0.3574381839784942,0.8383287787437439
74,14.299999,True,0.1889213330817733,0.8456808924674988
75,7.72,False,0.30118850980057615,0.7939113974571228
76,6.71,False,0.2782874817213463,0.8191406726837158
77,2.89,False,0.4328040989547927,0.7236925959587097
78,15.28,False,0.27704629292744576,0.7391555309295654
79,8.19,False,0.3775294725650712,0.7586534023284912
80,4780.52,False,0.828834193564169,0.8645453453063965
81,4667.55,False,0.828578869809876,0.866183876991272
82,4177.15,False,0.8086459467786854,0.8710553646087646
83,3.58,False,0.3183784896756512,0.7878783345222473
84,4165.73,False,0.8081009511399205,0.8709902763366699
85,4101.17,False,0.8045277453485323,0.8722121119499207
86,2909.1099,False,0.7732127492735603,0.8613717555999756
87,3.12,False,0.3451108679788784,0.7970492243766785
88,2844.63,False,0.7650776343696176,0.8619676232337952
89,2765.0398,False,0.7556768556653719,0.8623401522636414
90,2675.4,False,0.7450845413851457,0.8620151877403259
91,18.81,False,0.2868308513522562,0.8627991676330566
92,2645.64,False,0.7333098727917289,0.8618425130844116
93,38.31,False,0.33135987056023203,0.8620842695236206
94,32.95,False,0.20536229338951723,0.8671164512634277
95,3.68,False,0.31148035187664586,0.8340104818344116
96,2584.23,False,0.7188976366649401,0.8608787059783936
97,614.43,False,0.7126836187946397,0.8749852180480957
98,130.95001,False,0.36040306362492075,0.8880544304847717
99,116.350006,True,0.23165346484349938,0.8835495710372925
100,19.0,False,0.1768184622492352,0.8768386840820312
101,64.12,False,0.3509826576898079,0.8587807416915894
102,54.870003,True,0.22487675474342705,0.8457246422767639
103,35.260002,False,0.29810844937904324,0.820389449596405
104,479.69998,False,0.7137018994233805,0.8717400431632996
105,199.98999,False,0.5422599364755442,0.8635805249214172
106,140.61,False,0.4962674794973527,0.8576343655586243
107,37.5,False,0.4124020028462498,0.8472151160240173
108,26.3,False,0.3015726873724394,0.8689946532249451
109,7.86,False,0.2744023341817942,0.7876550555229187
110,92.86,False,0.4138077920822499,0.8619071841239929
111,49.61,False,0.3485336798078193,0.8795228600502014
112,22.68,False,0.2118185963688012,0.8678038716316223
113,14.22,False,0.3120540838553794,0.9257667660713196
114,10.71,True,0.13057963895598715,0.9444980621337891
115,10.7,False,0.38328512018496624,0.9231724739074707
116,23.97,False,0.41411491137585754,0.9311597347259521
117,279.52,False,0.6608264407515605,0.8777667880058289
118,275.97998,True,0.5753051793564762,0.8778706192970276
119,247.20999,False,0.6386438282102681,0.8766526579856873
120,186.42,False,0.5809534881876561,0.8845152258872986
121,84.03999,False,0.4548001748141736,0.8857541680335999
122,43.12,True,0.09412819045940235,0.9696145057678223
123,11.79,False,0.1508078653910819,0.8706750273704529
124,101.91,False,0.5395145493066639,0.8833317756652832
125,78.36,False,0.4696687362720361,0.8863763213157654
126,48.159996,True,0.16118069787469963,0.9350793361663818
127,32.67,False,0.1832937273021022,0.9245743751525879
128,31.05,True,0.11340587561696308,0.9285655617713928
129,15.84,False,0.1897464870328456,0.9016678929328918
130,13.95,False,0.20547506150652597,0.8904291391372681
131,7.28,False,0.3379587770679899,0.7648964524269104
132,1952.15,False,0.6907654566126846,0.8558619618415833
133,1895.22,False,0.6670535223515601,0.8562498688697815
134,420.56,False,0.3100205119734957,0.862285852432251
135,411.84,True,0.2610036675070299,0.8645212650299072
136,6.75,False,0.2708781073419076,0.8388650417327881
137,176.5,False,0.31781247181351674,0.8748270869255066
138,173.25,True,0.23469258464613416,0.8768235445022583
139,145.43,False,0.4102093268216471,0.8726062774658203
140,10.71,False,0.23272569969806362,0.8854483962059021
141,107.63,False,0.36759202611878156,0.8713942766189575
142,52.14,False,0.35475092650050927,0.8843675851821899
143,42.78,True,0.18556900896156742,0.8949120044708252
144,28.24,False,0.25117526228309695,0.8672675490379333
145,18.42,False,0.20819907830020998,0.888782262802124
146,15.3,False,0.2180977992371931,0.889879584312439
147,148.05,False,0.5412740771523227,0.8419435024261475
148,58.51,False,0.3957202479848059,0.8558973073959351
149,12.86,False,0.2216583992302465,0.8181428909301758
150,45.149998,False,0.2591842596124695,0.866386890411377
151,76.51,False,0.39353602636230345,0.823760449886322
152,75.35,True,0.28513935935682544,0.8230522871017456
153,63.68,False,0.35779224998937925,0.8023581504821777
154,14.09,False,0.35700504895191615,0.7546337246894836
155,15.54,False,0.31231295539370113,0.775283694267273
156,1415.73,False,0.6614434630238559,0.8534412384033203
157,1233.09,False,0.6286629539994945,0.8544109463691711
158,1181.77,False,0.6083656060738621,0.8537747263908386
159,66.79,False,0.4035610823818731,0.7836275100708008
160,23.400002,True,0.1731133268424373,0.9204529523849487
161,1084.38,False,0.5733588115583893,0.8565009832382202
162,1065.26,False,0.5438162078706534,0.8581117987632751
163,95.91,False,0.38805706315169086,0.8165183663368225
164,45.510002,False,0.37845786455627584,0.811984121799469
165,0.74,False,0.4062103758863626,0.7812844514846802
166,32.530003,False,0.2977999103447181,0.8146279454231262
167,27.24,False,0.25377516630420194,0.7998136281967163
168,962.98,False,0.5181789505322221,0.8622431755065918
169,957.06,False,0.5042820211448071,0.8623852133750916
170,903.37,False,0.47393404616493356,0.8646266460418701
171,6.34,False,0.23686991734496385,0.7813089489936829
172,878.14,False,0.4562165194272714,0.8657316565513611
173,799.5,False,0.44411572993814585,0.8652809858322144
174,191.39001,False,0.4219621652802433,0.8623275756835938
175,114.79,False,0.3837274917466647,0.8375442028045654
176,5.49,False,0.31790431937448976,0.8557530641555786
177,109.08,False,0.33511115220693394,0.8364958763122559
178,11.11,False,0.3000419831514387,0.8749969005584717
179,75.07,False,0.27897405622000326,0.8292484879493713
180,71.090004,False,0.3736591167743025,0.8980110883712769
181,41.27,False,0.28431176532279606,0.8742761611938477
182,27.410002,False,0.30415036082909125,0.9392228722572327
183,607.57,False,0.4060410670228177,0.86617112159729
184,519.51,False,0.3882819062051891,0.8637146353721619
185,292.68,False,0.34368889641043593,0.853604793548584
186,289.13,True,0.30909159254939667,0.8539915084838867
187,186.34001,False,0.2931435793444589,0.8541192412376404
188,157.40001,False,0.2660433628469608,0.855808436870575
189,46.99,False,0.26082805132982323,0.8558520674705505
190,38.609997,False,0.17481661495498949,0.8678855895996094
191,8.28,False,0.19372518254335844,0.916175901889801
192,4.94,False,0.1804165092717706,0.9186023473739624
193,28.070002,False,0.1948014580352761,0.8438376784324646
194,87.69,False,0.30238372990864454,0.8401519060134888
195,43.17,False,0.2537997458777254,0.8394638299942017
196,19.26,False,0.2628372607733851,0.8858541250228882
197,163.03,False,0.3161072428368592,0.8897718191146851
198,151.53,True,0.2593000581320123,0.895233154296875
199,7.36,False,0.31613011443085753,0.8529902100563049
200,30.78,False,0.2803877607899983,0.8405816555023193
201,79.4,False,0.3369685363076349,0.9123389720916748
202,74.9,True,0.277579953034885,0.9125390648841858
203,6.09,False,0.28473619875030864,0.8401857614517212
204,49.07,False,0.37473014637221075,0.9019511342048645
205,20.57,True,0.15003514519766276,0.9729567170143127
206,79.72,False,0.41093267823368157,0.8763921856880188
207,57.61,False,0.39394031004678,0.8828839063644409
208,13.11,False,0.3568716677382554,0.8453117609024048
209,32.8,False,0.274136608822047,0.9165470600128174
210,32.7,True,0.21517175187834942,0.9152947664260864
211,16.43,False,0.3126294970024718,0.8820886015892029
212,17.21,False,0.2749234851513755,0.8470051884651184
213,52.440002,False,0.36865034995026624,0.8884508609771729
214,30.170002,True,0.21543495205730115,0.8943448662757874
215,18.45,False,0.2657446670775154,0.8885107040405273
216,49.399998,False,0.3970887832819772,0.820555567741394
217,5.82,False,0.44808957112462583,0.8118780851364136
218,18.16,False,0.3182552267633478,0.7344440221786499
219,51.07,False,0.2648086352087958,0.871841311454773
220,26.97,True,0.09031003353003006,0.8800042867660522
221,128.99,False,0.48587358289378324,0.8109026551246643
222,28.48,False,0.2920244424350136,0.7912194728851318
223,78.380005,False,0.41903102170411605,0.8125980496406555
224,55.620003,True,0.23401020897372854,0.8199238181114197
225,46.06,False,0.23948398837175186,0.8153668642044067
226,38.55,False,0.261355155416155,0.8277581334114075
227,34.26,False,0.22759079680562216,0.8356945514678955
228,63.039997,False,0.36902645536017276,0.8379042744636536
229,56.699997,True,0.22408547781574617,0.8432011008262634
230,20.76,False,0.28063944647877287,0.8141828775405884
231,1187.5099,False,0.8345429404204058,0.8947696685791016
232,1184.5798,False,0.8313523875899002,0.8948018550872803
233,1178.6998,False,0.8242404284265354,0.8949482440948486
234,34.289997,False,0.37239900580405877,0.8689143061637878
235,1120.0099,False,0.8134315829853567,0.896600067615509
236,53.010002,False,0.6013324237162647,0.8700795769691467
237,17.26,False,0.5827716660911858,0.8304515480995178
238,8.72,False,0.6423896236848707,0.8291800618171692
239,1065.0199,False,0.7965575293591882,0.8976694345474243
240,1034.5499,False,0.7826442911900419,0.8984920382499695
241,12.450001,False,0.34583610970929446,0.9103035926818848
242,10.81,True,0.16675619160379848,0.9305919408798218
243,1021.99994,False,0.7651683618787691,0.898054838180542
244,998.2999,False,0.7453937758346805,0.8991710543632507
245,241.46,False,0.46414420909179455,0.9185460805892944
246,238.91,True,0.40176267683243777,0.9190202355384827
247,16.3,False,0.30797853595009,0.9106457233428955
248,160.75,False,0.6581849019549196,0.87431800365448
249,133.36,False,0.5552998222600408,0.8795260787010193
250,10.46,False,0.23254814047434727,0.8528416752815247
251,118.38,False,0.45207912227380387,0.8839983940124512
252,99.5,True,0.2895172009017882,0.8802204728126526
253,30.849998,False,0.45977519191869226,0.9145058989524841
254,17.48,True,0.1550451488095314,0.9580430388450623
255,48.28,False,0.3445002636202091,0.8685747981071472
256,7.78,False,0.2763089564052302,0.7999600768089294
257,14.31,False,0.2640748768508264,0.887202799320221
258,25.11,False,0.399879570923953,0.8469160199165344
259,753.24994,False,0.7406805140974575,0.8935784697532654
260,518.56995,False,0.6740753371078494,0.9122808575630188
261,424.55997,True,0.608845419119548,0.9124481081962585
262,399.70996,False,0.5892934071203457,0.9065282344818115
263,351.59998,False,0.5784126202846912,0.9048349857330322
264,331.27997,False,0.5244435797316422,0.9075554609298706
265,38.33,False,0.2846375730332703,0.8950387239456177
266,34.7,True,0.16872796199672088,0.9015992283821106
267,291.15997,False,0.4999993546456584,0.9090287685394287
268,288.72998,True,0.4598669138410782,0.9086880683898926
269,9.24,False,0.34505743058855376,0.8330669403076172
270,264.86,False,0.521002358591747,0.9095686674118042
271,42.260002,False,0.23113882418082163,0.9362422227859497
272,39.890003,True,0.15940873155822605,0.9410991072654724
273,12.25,False,0.16835955607727346,0.9198727607727051
274,6.63,False,0.24862020591308662,0.9375919103622437
275,210.87,False,0.5032745524272936,0.9101980328559875
276,167.45,False,0.47410553959452784,0.906285285949707
277,163.59999,False,0.4357139678169798,0.907459557056427
278,133.09,False,0.4058381210772158,0.9039994478225708
279,43.56,False,0.31490607197582926,0.9044800400733948
280,32.93,False,0.26197747454303527,0.9061344861984253
281,7.5,False,0.18125071852196303,0.885603129863739
282,21.590002,False,0.15321173962835793,0.9128339886665344
283,20.970001,True,0.10800353869561505,0.9139147400856018
284,2.05,False,0.2882177820088564,0.8285508155822754
285,3.07,False,0.17200680779827157,0.8834348320960999
286,2.11,False,0.17164801994990733,0.8157377243041992
287,9.39,False,0.21054909534739882,0.8989167213439941
288,88.66,False,0.3981704476174092,0.9035341143608093
289,85.47,False,0.353825299907684,0.9042950868606567
290,52.219997,False,0.24876373074397573,0.9101280570030212
291,48.96,True,0.18534217311105933,0.9095332622528076
292,12.23,False,0.3947308330470429,0.8527618646621704
293,1.91,False,0.4374776697767532,0.8409709930419922
294,7.01,False,0.3089775166202405,0.8430554866790771
295,11.820001,False,0.19193349313150201,0.9919942617416382
296,11.72,True,0.13891183687689151,0.9862467050552368
297,33.14,False,0.22820259106989277,0.8952906727790833
298,0.1,False,0.20493729481870981,1.2700963020324707
299,5.52,False,0.17661669592989715,0.8717171549797058
300,3.26,False,0.31012429174935086,0.8395205140113831
301,35.9,False,0.36430913501277795,0.9257500767707825
302,25.79,True,0.2071907955806753,0.9144837856292725
303,8.2,False,0.35040908806022214,0.8994758725166321
304,7.84,False,0.2572727548990356,0.8466448783874512
305,39.989998,False,0.37122411495842866,0.9240105748176575
306,26.369999,True,0.1714985272988777,0.9430570602416992
307,217.16,False,0.7221524103843033,0.8600492477416992
308,112.91,False,0.6491305172410451,0.8681458830833435
309,13.12,False,0.5898068932668931,0.866011917591095
310,71.5,False,0.6177892496030836,0.8647367358207703
311,56.1,False,0.5827680030715854,0.8648769855499268
312,40.05,False,0.5379985418254104,0.8722420334815979
313,25.23,False,0.33947838109147643,0.8807381987571716
314,14.72,False,0.5720267174821242,0.8548081517219543
315,12.61,False,0.2888986221859904,0.847206175327301
316,8.67,False,0.39500277001619394,0.8829222321510315
317,88.46001,False,0.6733714305307384,0.8570002317428589
318,56.25,False,0.5800974474372815,0.8505866527557373
319,10.8,False,0.5375559270468891,0.8680122494697571
320,7.3,False,0.5932961326784948,0.908063530921936
321,19.810001,False,0.39429541006062213,0.8807254433631897
322,18.04,True,0.21393958428148105,0.8875860571861267
323,23.28,False,0.39733149540236257,0.838371217250824
324,22.51,True,0.2730103645609848,0.839466392993927
325,15.29,False,0.3096086370603264,0.8111604452133179
326,9.51,False,0.32156136576682137,0.8690007328987122
327,1.9,False,0.3062995146386438,0.7790907621383667
328,1.47,False,0.37638139124432063,0.7323389053344727
329,53.12,False,0.5006734634006516,0.7929409742355347
330,1.13,False,0.36708299223138874,0.7705264687538147
331,30.1,False,0.4945727853359021,0.788877546787262
332,469.7,False,0.8178489874998146,0.8266448378562927
333,458.33002,False,0.7817339379366015,0.8285402059555054
334,102.97,False,0.48561528021569184,0.836671769618988
335,83.19,True,0.2920882469672254,0.8399803638458252
336,41.1,False,0.7082727078974763,0.8052852153778076
337,29.56,False,0.615693950090105,0.8136881589889526
338,15.97,False,0.5044051550892319,0.8230383992195129
339,4.44,False,0.5044158227096146,0.8109708428382874
340,11.44,False,0.349850000401535,0.7750493288040161
341,353.05002,False,0.7881586813396935,0.8261440992355347
342,351.47003,True,0.7398134532407521,0.8257548213005066
343,20.31,False,0.38353659394201156,0.7800132632255554
344,234.61002,False,0.7706269297138371,0.8321641087532043
345,206.90001,True,0.6988072500511013,0.8329773545265198
346,177.62001,False,0.8293907581623122,0.8206889629364014
347,143.85,False,0.8049453894391744,0.8274409770965576
348,134.5,True,0.7389085949029466,0.8270459771156311
349,23.09,False,0.5709062838430465,0.8021352291107178
350,2.68,False,0.45484430634910167,0.788598895072937
351,18.35,False,0.421455439783159,0.7976411581039429
352,102.82,False,0.7670293333926995,0.8260610103607178
353,45.67,False,0.5016349383656279,0.8509699702262878
354,37.55,True,0.2825443403813786,0.861560583114624
355,11.15,False,0.4984976001434324,0.8117085695266724
356,56.25,False,0.7096162548054741,0.8074788451194763
357,18.69,False,0.4728034245840939,0.8024088144302368
358,32.01,False,0.6298097450446579,0.8064308166503906
359,6.43,False,0.4719322817045751,0.786795437335968
360,24.89,False,0.4896817316001034,0.809949517250061
361,19.37,False,0.38979202333458046,0.7826922535896301
362,78.28,False,0.8069357214813957,0.81231290102005
363,56.28,False,0.7751612456386513,0.8289952874183655
364,7.86,False,0.4245807813142373,0.7618382573127747
365,30.539997,False,0.702347543372275,0.8708037734031677
366,10.24,False,0.5917788877435299,0.840725839138031
367,19.599998,False,0.44064919904433764,0.8905236721038818
368,17.96,True,0.2702347387588425,0.9007939100265503
369,17.89,False,0.5263645819419603,0.759712815284729
370,10.9,False,0.3236933918568339,0.7324658036231995
371,63.440002,False,0.4009469552256998,0.7804965972900391
372,39.16,False,0.2591668938252975,0.8175694346427917
373,18.61,False,0.31294487554740713,0.7199668884277344
374,28.27,False,0.3857965447462228,0.7033143043518066
375,4.0,False,0.4455719143133767,0.7501634359359741
376,10.03,False,0.34725104363385323,0.6901742219924927
377,3.11,False,0.4620071354285603,0.7013905644416809
378,14.85,False,0.4303438540692627,0.7179078459739685
379,15.14,False,0.4460026409211739,0.7797367572784424
380,72789.55,False,0.7693403849329864,0.8297271728515625
381,16.78,False,0.43144410295249214,0.6667991876602173
382,72700.484,False,0.7759408833607992,0.8297069668769836
383,72547.88,False,0.780897167577125,0.8299158811569214
384,24.33,False,0.6304167589978686,0.6942776441574097
385,16.15,False,0.6038299497345423,0.6833100914955139
386,7.46,False,0.5364838080383999,0.6711388230323792
387,7.52,False,0.47779725335543227,0.7005549073219299
388,4.55,False,0.5246309337352142,0.6857274174690247
389,72514.875,False,0.7853613226105746,0.8298556804656982
390,2.4,False,0.5437676998004722,0.7371470928192139
391,72508.945,False,0.7913150151185139,0.8296920657157898
392,274.0,False,0.7793167533091245,0.7309348583221436
393,263.48,False,0.8034409021988229,0.7342348694801331
394,23.08,False,0.5667909126041673,0.6513906717300415
395,8.02,False,0.5272145901724781,0.6518415212631226
396,13.36,False,0.4405881054070961,0.6537697315216064
397,240.3,False,0.8302977212894637,0.7426429986953735
398,221.31,False,0.8304270147565466,0.7481711506843567
399,162.65999,False,0.8019068415631518,0.7737740278244019
400,124.32999,False,0.6526103665611027,0.7939379215240479
401,111.01999,False,0.4891777812480682,0.8007954359054565
402,104.09999,False,0.3533953490353509,0.8051661252975464
403,98.939995,True,0.21779086176392662,0.808786153793335
404,6.31,False,0.37704981778921265,0.7388033270835876
405,4.12,False,0.3652817718663414,0.7415432333946228
406,24.32,False,0.37193305036939256,0.7567947506904602
407,23.51,True,0.24479777971122735,0.758578896522522
408,6.65,False,0.40627328596722595,0.7497652769088745
409,4.48,False,0.33721180335158674,0.7364972829818726
410,12.77,False,0.40646837575994726,0.782927393913269
411,6.14,False,0.521771269866185,0.7340700030326843
412,7.11,False,0.4494416320260762,0.7567791938781738
413,32.52,False,0.5851730829892302,0.6958669424057007
414,11.5,False,0.38599545806771063,0.7254510521888733
415,20.08,False,0.478509008022961,0.6783120632171631
416,56.75,False,0.628994722498674,0.6745994091033936
417,35.38,False,0.6171083107110968,0.6992568969726562
418,10.2,False,0.5146566314805685,0.6824602484703064
419,5.05,False,0.3557075522980272,0.6701181530952454
420,0.48,False,0.584728095186689,0.688544750213623
421,24.2,False,0.5700877266771156,0.7077100872993469
422,16.41,False,0.5219876447364585,0.731591522693634
423,4.97,False,0.4398977495486365,0.701496422290802
424,9.64,False,0.3718337629701713,0.754118800163269
425,5.73,False,0.3819560290068941,0.6325173377990723
426,17.609999,False,0.5249186679065224,0.620423436164856
427,11.82,False,0.2673567101919343,0.5907810926437378
428,4.56,False,0.5912960546230718,0.6885306239128113
429,6.0,False,0.6147274737645851,0.6321102380752563
430,9.63,False,0.5639226242347778,0.6554257273674011
431,72183.7,False,0.7959769515409572,0.83016437292099
432,12.39,False,0.3376976340321538,0.6454712748527527
433,72167.81,False,0.8006585679641619,0.830079197883606
434,9.93,False,0.2542844307316764,0.5705789923667908
435,72152.13,False,0.8053510183081797,0.8299993872642517
436,2306.6099,False,0.7899732231773637,0.7528949975967407
437,2284.43,False,0.7907615458994698,0.754236102104187
438,2225.8198,False,0.7920560261327694,0.7598609924316406
439,183.98999,False,0.6797338250533894,0.7302402257919312
440,16.82,False,0.37019318905505666,0.6468859910964966
441,146.28,False,0.6603809918032927,0.7614478468894958
442,121.73,False,0.6131116431185407,0.7681004405021667
443,74.94,False,0.5326111640223095,0.7730427980422974
444,60.15,True,0.3504080648626658,0.7814783453941345
445,36.09,False,0.4199316203474837,0.7650924921035767
446,28.28,True,0.22286425766661802,0.7772937417030334
447,4.01,False,0.33452214536197766,0.7221347093582153
448,13.55,False,0.32278378727513224,0.7617965340614319
449,14.99,False,0.3432462602138089,0.7122772932052612
450,27.63,False,0.33673832369298917,0.7543787956237793
451,14.51,False,0.3504995611183175,0.7519606947898865
452,2034.69,False,0.7711694018592629,0.763314425945282
453,2.0,False,0.5670138445466417,0.6400061845779419
454,2031.7899,False,0.7685630179647595,0.7636614441871643
455,16.41,False,0.46880931156192046,0.6078881025314331
456,2012.35,False,0.7612626945869126,0.7655439376831055
457,1445.45,False,0.618550997439597,0.7926056385040283
458,1393.57,False,0.5832304938426702,0.7959350347518921
459,1347.94,False,0.5418306880036422,0.7993564009666443
460,1312.08,False,0.5004101837551641,0.801673948764801
461,1290.1599,False,0.46073888424513465,0.8050810098648071
462,1271.07,True,0.4151330844079626,0.8075110912322998
463,94.799995,False,0.44116303332732776,0.742766261100769
464,19.84,False,0.28736454381887205,0.7280001044273376
465,51.739998,False,0.30989038519959106,0.7524458169937134
466,97.33,False,0.6330781886121132,0.7318167686462402
467,28.88,False,0.3466054991171077,0.7496071457862854
468,60.88,False,0.6490343674691028,0.7248430252075195
469,52.79,False,0.592046324509883,0.7278791069984436
470,12.3,False,0.30733703473682444,0.7064701318740845
471,37.21,False,0.5639374400343348,0.7371960878372192
472,29.460001,False,0.4592733421592028,0.747093677520752
473,11.96,False,0.2565924517158587,0.7582827806472778
474,10.93,False,0.37905009634762415,0.7423207759857178
475,7.48,False,0.3627934895818635,0.708092212677002
476,4.6,False,0.40273428262339384,0.7231656908988953
477,25.119999,False,0.5266067213438805,0.7731761932373047
478,15.64,False,0.2760451673931582,0.7885686159133911
479,14.92,True,0.1449374920256926,0.7914121150970459
480,7.0,False,0.41538355116833225,0.7436737418174744
481,849.83997,False,0.480041615180408,0.8380455374717712
482,603.1,False,0.4051725548394752,0.8439492583274841
483,582.73,True,0.34741749398384314,0.8443897366523743
484,346.72998,False,0.4273598586638671,0.8713191747665405
485,331.83997,False,0.37227439934487216,0.877439022064209
486,156.70999,False,0.33690073431634704,0.8703978061676025
487,155.7,True,0.2954259356502706,0.8727545738220215
488,133.53,False,0.38250133586444784,0.8776656985282898
489,80.39,False,0.29077589846459395,0.8957145810127258
490,61.86,True,0.12250500174587158,0.8930034041404724
491,30.68,False,0.2464907216691034,0.8429840207099915
492,5.02,False,0.28963813133680744,0.758724570274353
493,48.3,False,0.34770130083960266,0.8497892618179321
494,34.53,False,0.17490417125278068,0.882168173789978
495,34.0,True,0.11362473230028153,0.8852670192718506
496,13.1,False,0.24836895570555137,0.7745522856712341
497,4.0,False,0.2667373514881684,0.7994203567504883
498,167.65,False,0.2850217920461456,0.8886991739273071
499,163.31,True,0.2326466188569223,0.8927055597305298
500,117.399994,False,0.3623357711659716,0.8962051272392273
501,114.079994,True,0.27302886703778934,0.8998401761054993
502,60.979996,False,0.3238082320294704,0.8959260582923889
503,60.879997,True,0.21457338658390065,0.8959494233131409
504,38.07,False,0.4126912773912525,0.8850424289703369
505,17.67,False,0.3068503461555808,0.9407166242599487
506,4.95,False,0.3414130202376364,0.8571134209632874
507,35.0,False,0.24181734237183455,0.8889683485031128
508,10.53,False,0.20478916660865443,0.7521023154258728
509,9.62,False,0.22721513716836705,0.7228397727012634
510,166.05,False,0.6321111415047891,0.8117982149124146
511,139.05,False,0.5420051952717758,0.8245871067047119
512,118.41,True,0.41658641108713074,0.8298736214637756
513,25.349998,False,0.26007249028517465,0.7903170585632324
514,83.54,False,0.5214629310332639,0.8400044441223145
515,22.4,False,0.25542218830290636,0.8523127436637878
516,56.41,False,0.4533442570094055,0.8367659449577332
517,24.78,False,0.5080005479193981,0.8526638746261597
518,13.35,False,0.3679183720577571,0.8379664421081543
519,6.44,False,0.4008696254334086,0.8653926849365234
520,2.72,False,0.3810110070791413,0.8034141659736633
521,12.900001,False,0.34141602518213504,0.8711723685264587
522,9.27,True,0.09906271884558752,0.9187146425247192
523,17.62,False,0.2855181744960748,0.7370481491088867
524,246.49998,False,0.5793020954433754,0.8233749866485596
525,243.46999,True,0.5484944794366896,0.8246182799339294
526,230.65999,False,0.5222638791211964,0.8263146877288818
527,213.62999,True,0.4371384650784997,0.8311262130737305
528,184.34999,False,0.5174334934028019,0.832023024559021
529,12.06,False,0.214753006560645,0.7553065419197083
530,171.4,False,0.4713464064314144,0.8396562933921814
531,111.22,False,0.38830482997052884,0.8367656469345093
532,106.47,True,0.3175772771288257,0.8463280200958252
533,81.83,False,0.3100249614412485,0.8566672205924988
534,81.73,True,0.2355352650793446,0.8591140508651733
535,65.86,False,0.3139425518873822,0.8519494533538818
536,32.56,False,0.2364523282089706,0.8620676398277283
537,8.64,False,0.2753835939382982,0.7989152073860168
538,58.149998,False,0.43638453514279896,0.8530130982398987
539,47.28,True,0.2291853573684726,0.8783453702926636
540,18.869999,False,0.34540017759737224,0.9338904023170471
541,17.15,True,0.19788015568969428,0.9549880623817444
542,115.270004,False,0.5002993909498037,0.7829087972640991
543,85.86,False,0.4153315757305786,0.7961950302124023
544,66.65,True,0.25353457275872593,0.8049582242965698
545,57.12,False,0.2738263549516597,0.7930837869644165
546,55.44,True,0.16393279548970757,0.7947079539299011
547,18.23,False,0.2394268474860281,0.7757754325866699
548,17.14,False,0.23962482412651026,0.7485251426696777
549,10.44,False,0.34412884608382294,0.7178855538368225
550,19.68,False,0.35669259576481305,0.6231986284255981
551,14.42,False,0.325754831739053,0.700337290763855
552,31.29,False,0.2885575407982559,0.7133479118347168
553,17.98,False,0.3175115269294529,0.6895355582237244
554,519.0,False,0.7433812994237147,0.700813353061676
555,506.83002,False,0.7261673128783634,0.701560378074646
556,440.32,False,0.7026133883766582,0.6997255086898804
557,424.06,False,0.6774001448050454,0.6998332142829895
558,117.43,False,0.569378064431157,0.6325154900550842
559,15.17,False,0.3880798622539693,0.6423681974411011
560,81.85,False,0.5240121383437574,0.6163733601570129
561,23.29,False,0.33556065452239864,0.6244263052940369
562,28.17,False,0.5190140599112251,0.5999277234077454
563,12.68,False,0.3487230132644339,0.5930724143981934
564,12.93,False,0.33287490702348055,0.6024814248085022
565,293.8,False,0.6445687850966284,0.7315588593482971
566,265.34998,False,0.5965266436842647,0.7352917790412903
567,70.11,False,0.33650739489067794,0.6854788661003113
568,178.65,False,0.5624250595985301,0.7577565908432007
569,153.39,False,0.5035740720921963,0.7728734612464905
570,35.02,False,0.26121444235054364,0.7468754053115845
571,102.45,False,0.3418892604531865,0.7897965908050537
572,101.88,True,0.2653256113698649,0.7925234436988831
573,35.12,False,0.22369952564045795,0.8017805218696594
574,55.18,False,0.4755844068135884,0.7633258700370789
575,9.2,False,0.29248869720711335,0.7437601089477539
576,37.25,False,0.4486298475210295,0.7737835645675659
577,21.54,False,0.36751092807279995,0.7943680882453918
578,13.04,True,0.1289816574080026,0.8405947685241699
579,10.81,False,0.2722274845379524,0.7519776821136475
580,19.21,False,0.2706557426184524,0.6768333315849304
581,20.26,False,0.402927186290407,0.7287925481796265
582,1.79,False,0.29458058365370365,0.6640841960906982
583,64.85,False,0.5828411159894165,0.7167357206344604
584,30.78,False,0.6807228863823621,0.7387642860412598
585,16.52,False,0.6341789400269369,0.756493866443634
586,9.15,False,0.5232482135777897,0.7960105538368225
587,5.07,False,0.4251263192015886,0.6897639036178589
588,7.86,False,0.4474664834199142,0.7137972116470337
589,7.35,False,0.40978631063202153,0.7455761432647705
590,4.42,False,0.3450947167963712,0.6755338311195374
591,23.0,False,0.45763642957947887,0.5019146800041199
592,21.96,False,0.6493612232723702,0.6432210206985474
593,2.4,False,0.506651834729459,0.6326296925544739
594,13.42,False,0.4763255463039451,0.5950031280517578
595,69755.03,False,0.8021821742225675,0.8328640460968018
596,65922.67,False,0.8147010679863028,0.8456096649169922
597,24.28,False,0.503777571288352,0.6497499346733093
598,65862.95,False,0.8174021784349416,0.8456273674964905
599,545.25,False,0.7801058386461271,0.7271100878715515
600,500.53,False,0.7802990610696001,0.7397857904434204
601,44.87,False,0.4344005430973797,0.6559469103813171
602,455.28,False,0.7586373890030117,0.7494025826454163
603,451.71,False,0.7306450796900656,0.751025378704071
604,7.57,False,0.37775065101890265,0.7246885895729065
605,412.0,False,0.695101530114945,0.7583848834037781
606,386.77,False,0.6391808431177799,0.7625120878219604
607,328.44998,False,0.5131260384323991,0.7634286880493164
608,327.93,True,0.452709522039665,0.7638943195343018
609,4.65,False,0.3827875109758675,0.7146300673484802
610,6.45,False,0.40417129258019857,0.7229160070419312
611,16.71,False,0.49625588130462067,0.8501476049423218
612,10.0,False,0.21031901574278575,0.9274562001228333
613,9.9,True,0.14372067793949228,0.9255917072296143
614,1.41,False,0.4627986845253208,0.7405087351799011
615,113.89,False,0.5254919731028749,0.7456614971160889
616,54.909996,False,0.5244590817776669,0.7322648167610168
617,17.8,False,0.3145560239980194,0.6948895454406738
618,31.74,False,0.41724782359544055,0.7516613602638245
619,20.79,False,0.4162270088880129,0.7770731449127197
620,11.610001,True,0.18492029243332606,0.8216015696525574
621,2.56,False,0.4569330862081037,0.8031200766563416
622,163.25,False,0.6237086816107109,0.757722020149231
623,143.97,False,0.5823677396692759,0.7658471465110779
624,7.84,False,0.3326172627006083,0.7648457884788513
625,133.78,False,0.5132143856364471,0.7672361135482788
626,87.6,True,0.330869862510969,0.7914984822273254
627,8.54,False,0.38438797302394884,0.7745048999786377
628,7.94,False,0.34162592969153294,0.799138605594635
629,51.67,False,0.27114283153691454,0.7928666472434998
630,51.57,True,0.18663078811866035,0.7912222146987915
631,19.01,False,0.2800861275172237,0.690980076789856
632,8.68,False,0.2804862412868074,0.7021123766899109
633,45.13,False,0.4248835405633336,0.779337465763092
634,27.56,False,0.2948404652708982,0.7833267450332642
635,7.31,False,0.36777076739900993,0.8043001890182495
636,13.47,False,0.40815278918303904,0.710434079170227
637,2.57,False,0.4624021433934117,0.6110659241676331
638,40.58,False,0.26225434472365383,0.5942181348800659
639,65307.195,False,0.8183498774725704,0.8466183543205261
640,50.64,False,0.5776936923490587,0.6600459814071655
641,23.4,False,0.42175378295030497,0.7071684002876282
642,20.03,False,0.5004441252237413,0.604876697063446
643,2.94,False,0.4034190755833196,0.5571538805961609
644,12.0,False,0.5057366686644517,0.6579539179801941
645,65195.285,False,0.8205233565753323,0.8467981815338135
646,65114.664,False,0.821937335081974,0.8469763398170471
647,9477.7295,False,0.8376811681504981,0.8603928089141846
648,9425.42,False,0.8363200596150537,0.8608112931251526
649,9420.43,False,0.8342288110341712,0.8608073592185974
650,9373.76,False,0.8323104332348679,0.8613026142120361
651,20.58,False,0.4867989004707435,0.735618531703949
652,9352.49,False,0.8300380174075884,0.8614833950996399
653,33.28,False,0.2484865366690993,0.6759454607963562
654,9318.29,False,0.8274614994927433,0.8620238304138184
655,9294.42,False,0.8249318430372578,0.8621318340301514
656,6.83,False,0.3989133350698455,0.6927334070205688
657,9286.81,False,0.8219237606905765,0.8621441125869751
658,9264.699,False,0.8193429514359036,0.8622802495956421
659,216.97,False,0.4159883464569739,0.7565320134162903
660,189.97,False,0.3479671107765589,0.7621157169342041
661,100.71,False,0.33721680160085415,0.7383583188056946
662,55.32,False,0.288211712265072,0.7539656758308411
663,20.11,False,0.13536664102520754,0.7863636016845703
664,27.369999,False,0.26347384334318263,0.7334760427474976
665,12.69,False,0.1300800888493024,0.8025544881820679
666,6.89,False,0.22933492729405885,0.6471524834632874
667,15.299999,False,0.33459818840881894,0.7724321484565735
668,8.94,False,0.15787343866295167,0.7726954817771912
669,4.69,False,0.3161917183458002,0.778067409992218
670,59.879997,False,0.242808313122318,0.815889298915863
671,16.74,False,0.3565261003606147,0.7792971730232239
672,9045.649,False,0.8133518921856562,0.8645628690719604
673,8869.55,False,0.8069043914563734,0.8668376207351685
674,8851.55,False,0.8037231583719836,0.8670083284378052
675,8838.3,False,0.8006318161955182,0.8671358227729797
676,8832.42,False,0.7971087586641026,0.867181658744812
677,8832.32,True,0.793216607599956,0.8670738935470581
678,8757.641,False,0.7947660179547953,0.866934061050415
679,21.79,False,0.3932226973520379,0.7378056645393372
680,8704.73,False,0.7897417181202252,0.867189347743988
681,35.98,False,0.18391328150000336,0.7156455516815186
682,23.42,False,0.0865175072564295,0.7386709451675415
683,5.67,False,0.1555738676416179,0.7106225490570068
684,8667.5205,False,0.784524551484784,0.8676068782806396
685,8600.11,False,0.7781736453950475,0.8681406378746033
686,8035.74,False,0.7553479889963376,0.8737310171127319
687,7960.58,False,0.7465747332380759,0.8746066093444824
688,7661.22,False,0.7244243533738518,0.8769853115081787
689,53.11,False,0.3896460513446308,0.8276945948600769
690,7604.6104,False,0.7081315246799601,0.8771613240242004
691,7602.68,True,0.6886205672484441,0.8770032525062561
692,16.45,False,0.2196727150519257,0.7730787992477417
693,15.320001,False,0.1170816900833185,0.8508673310279846
694,15.22,True,0.07036906323180842,0.8491459488868713
695,14.62,False,0.5513091542290586,0.8261509537696838
696,8.21,False,0.4587038794270934,0.82029789686203
697,161.13002,False,0.29296037972383676,0.8494065403938293
698,161.03001,True,0.23409653738850308,0.8491848111152649
699,148.98001,False,0.31473720304459113,0.845504879951477
700,148.79001,True,0.2366741335935094,0.8456323146820068
701,30.170002,False,0.7753832421837621,0.7896584868431091
702,13.17,False,0.7117285331944239,0.7983054518699646
703,8.79,False,0.7069446132321229,0.749994695186615
704,20.75,False,0.38499512320216167,0.9819836616516113
705,17.78,True,0.18322157974497014,1.018033742904663
706,54.47,False,0.5988030367917042,0.7897616624832153
707,8.26,False,0.5145740111393463,0.7988702058792114
708,6868.81,False,0.7997140412232486,0.8820818662643433
709,170.68,False,0.49054960135315256,0.8723064661026001
710,3.52,False,0.3609860508289251,0.8316236138343811
711,164.26999,False,0.39518433804705955,0.8780834674835205
712,149.84,True,0.19611287969874047,0.8886539340019226
713,54.329998,False,0.3687510775202885,0.8901214599609375
714,34.17,False,0.23454265542864927,0.9056653380393982
715,16.73,False,0.29487320545768203,0.8703799247741699
716,18.01,False,0.28679047972205973,0.871079683303833
717,13.68,False,0.2264203951968153,0.8138025999069214
718,6690.72,False,0.7968125852586281,0.8822548985481262
719,17.73,False,0.149956403199301,0.8813251256942749
720,17.55,True,0.09517609767081078,0.8857685327529907
721,6652.9404,False,0.7961030091591598,0.8823364973068237
722,6647.0005,True,0.7956970701993101,0.88234543800354
723,5174.5703,False,0.775479426479714,0.8940438032150269
724,5150.3804,False,0.7739587056284974,0.894141435623169
725,41.83,False,0.287655880449296,0.8324365019798279
726,5045.0103,False,0.771325371328516,0.8948888778686523
727,61.41,False,0.5314079086465439,0.844417929649353
728,9.84,False,0.30199487085089505,0.8547088503837585
729,30.86,False,0.34232641985968065,0.8408171534538269
730,19.68,True,0.17112342137493353,0.8641573786735535
731,4983.5005,False,0.7683192450434944,0.8954223394393921
732,4967.5605,False,0.7653976855359395,0.8955110311508179
733,4848.3506,False,0.7603703340297588,0.8970404267311096
734,4813.4805,False,0.7539680882716617,0.897680938243866
735,106.009995,False,0.39942671318000705,0.8411224484443665
736,104.899994,True,0.2953131758450982,0.8426002860069275
737,60.46,False,0.3757694911902587,0.8300578594207764
738,45.17,False,0.27061929811594565,0.8281898498535156
739,3.66,False,0.5770794971143527,0.7717739343643188
740,4699.3003,False,0.7449027444072702,0.8989537954330444
741,4606.5303,False,0.736914600010682,0.8998149633407593
742,333.81,False,0.6252371234731902,0.8650296926498413
743,257.18,False,0.6328587578356367,0.8769097328186035
744,196.95,False,0.5286302025223845,0.8809488415718079
745,166.81,False,0.4249720063475051,0.8818290829658508
746,166.23999,True,0.3547449295314144,0.8825733661651611
747,112.84,False,0.4669831936815196,0.8849788308143616
748,51.88,False,0.3233231834366819,0.8661864995956421
749,50.14,False,0.3975796560515727,0.9208191633224487
750,34.02,True,0.21653874551760874,0.9544776678085327
751,5.43,False,0.3013264714519927,0.8758754730224609
752,28.51,False,0.27277863754737924,0.8850357532501221
753,59.129997,False,0.37690115293170406,0.8672050833702087
754,38.74,False,0.2659823647257817,0.8630793690681458
755,4188.5303,False,0.7099965375353471,0.9017711877822876
756,4078.1504,False,0.6981589178924907,0.9007359743118286
757,3890.7803,False,0.6812322465763414,0.9031168818473816
758,9.14,False,0.2898280923803253,0.8267886638641357
759,3880.8203,False,0.6740275913889594,0.9031795263290405
760,3860.5703,False,0.665487154162596,0.9033183455467224
761,3810.5903,False,0.6542221059902849,0.9038072824478149
762,9.11,False,0.29861856190978797,0.8289055824279785
763,3762.5603,False,0.6422311183965171,0.903449535369873
764,43.83,False,0.2522400703976064,0.8836297392845154
765,40.45,True,0.1728129619602546,0.8896239399909973
766,3701.4702,False,0.6299193525691561,0.9034523963928223
767,1217.66,False,0.4662375522773634,0.9175054430961609
768,1135.48,False,0.42069239540580544,0.9197352528572083
769,1077.52,False,0.3691964391737798,0.9222910404205322
770,1009.87006,False,0.301005456598319,0.9239694476127625
771,950.73004,False,0.2433330466460433,0.9266412258148193
772,946.23004,False,0.2253358686864928,0.9270167946815491
773,930.37006,True,0.188951742605825,0.926605761051178
774,9.21,False,0.28374714915754656,0.8394455909729004
775,521.13007,False,0.4240105053402991,0.9207398891448975
776,3.14,False,0.22137311165372547,0.8277995586395264
777,502.77005,False,0.4051424143118336,0.9203470945358276
778,450.04004,False,0.39821783770199365,0.9153459668159485
779,22.9,False,0.22321022300786308,0.8953701257705688
780,413.59003,False,0.3738318349413234,0.9152470827102661
781,23.48,False,0.20040099886261362,0.8896570205688477
782,374.55002,False,0.361466321851063,0.9156060218811035
783,247.47002,False,0.37083106399572086,0.921309769153595
784,188.27002,False,0.3212240379115049,0.9265778660774231
785,188.17001,True,0.2940479944799783,0.9263272285461426
786,71.4,False,0.28132551699233194,0.9237275123596191
787,64.22,True,0.22298466104227396,0.9254473447799683
788,29.38,False,0.17025815336871647,0.8724156618118286
789,24.95,False,0.19996240086175937,0.9182619452476501
790,42.8,False,0.3234266816911656,0.9249589443206787
791,5.23,False,0.2898803478997589,0.9173929691314697
792,25.72,False,0.2604732883385737,0.9564250111579895
793,26.18,False,0.22968544242532138,0.8833035230636597
794,98.1,False,0.2803726684217532,0.9119711518287659
795,22.97,False,0.33194478371602537,0.9152190685272217
796,73.1,False,0.1986529534562569,0.910847008228302
797,70.67,True,0.16387507852742952,0.9096696376800537
798,41.120003,False,0.15308169228732982,0.884552001953125
799,41.17,False,0.24434033870756428,0.9691287875175476
800,38.21,True,0.1850917966960637,0.9715797901153564
801,51.510002,False,0.25931025342701697,0.9149629473686218
802,31.4,True,0.11073663379304137,0.948821485042572
803,23.8,False,0.24618183811099675,0.8774755001068115
804,12.03,False,0.22977770178709772,0.930849552154541
805,33.61,False,0.198294951318701,0.9041652083396912
806,4.39,False,0.17804686248464574,0.84088134765625
807,55.149998,False,0.20039843552135286,0.8825380206108093
808,31.980001,False,0.2635674315895796,0.8912785649299622
809,23.52,False,0.21451147873558507,0.8914092779159546
810,1.2,False,0.28945648749152686,0.8641375303268433
811,36.01,False,0.2255865529239892,0.870558500289917
812,68.340004,False,0.2590385150665445,0.8851678967475891
813,2475.5503,False,0.6537260107431622,0.8959090113639832
814,2452.4302,False,0.6445804119707522,0.8962259888648987
815,2340.9001,False,0.6260839628457897,0.8967030048370361
816,2307.55,False,0.6119677607607408,0.8978387117385864
817,23.54,False,0.20044201684668372,0.9214145541191101
818,2267.6,False,0.6003290243120875,0.8979645371437073
819,2250.99,False,0.5887158368430583,0.8982002139091492
820,2055.66,False,0.5742718995051568,0.8996666669845581
821,1256.08,False,0.5145708852770913,0.9073202610015869
822,291.96002,False,0.3561147688815397,0.915448784828186
823,161.24,False,0.3356253799957662,0.9235305190086365
824,25.61,False,0.26217073983760125,0.9519286155700684
825,24.94,True,0.19040996023923462,0.9534998536109924
826,1.76,False,0.34860365656179665,0.8357875347137451
827,96.71001,False,0.24330244434310755,0.9162437915802002
828,95.770004,True,0.19312336771710564,0.9171200394630432
829,1.33,False,0.27153365600026286,0.838695764541626
830,48.3,False,0.22501840840589604,0.9167101979255676
831,18.2,False,0.23616990445595665,0.8955468535423279
832,100.76,False,0.2704315827000633,0.8996918201446533
833,92.990005,True,0.23173341466434644,0.8961740136146545
834,77.65,False,0.2706985149185429,0.8899747133255005
835,37.28,True,0.13634537491610405,0.8883583545684814
836,8.4,False,0.21723768128827184,0.8301331996917725
837,901.75995,False,0.44819530091652804,0.902349591255188
838,24.26,False,0.2248193207815876,0.8811873197555542
839,870.27997,False,0.4215324777940467,0.9024704694747925
840,33.09,False,0.24122219598836508,0.8821203112602234
841,783.17,False,0.35166795010878305,0.9015177488327026
842,760.66,True,0.3213921113889544,0.9037119746208191
843,733.36,False,0.3096121690242411,0.9013752937316895
844,731.99,True,0.29889090803155405,0.9013243913650513
845,568.28,False,0.29152698266803706,0.9058108329772949
846,562.53,True,0.2745774395798304,0.9068077206611633
847,517.88,False,0.3232012441969277,0.9016295671463013
848,506.25998,True,0.3033458000122473,0.9038847088813782
849,266.31998,False,0.23376514208939853,0.8997690081596375
850,263.05,True,0.20978906228379385,0.8997837901115417
851,165.06999,False,0.32339292535316383,0.9026398062705994
852,124.83,False,0.29729831815839924,0.9014089107513428
853,73.450005,False,0.29807115073681023,0.9027957320213318
854,46.300003,False,0.2873679836280286,0.9084972143173218
855,24.52,False,0.2529779364909144,0.9078524708747864
856,7.76,False,0.26432018998068124,0.9340290427207947
857,17.94,False,0.24795217584280466,0.8848593235015869
858,17.64,False,0.2382815107582938,0.9221188426017761
859,38.639996,False,0.20414308708097892,0.9068509936332703
860,38.219997,True,0.16840648900846666,0.9075524806976318
861,11.05,False,0.16087731371557001,0.7890715003013611
862,204.14,False,0.3443197315073204,0.9032670259475708
863,23.02,False,0.230082485844428,0.8954294323921204
864,179.52,False,0.32784538383248907,0.9046038389205933
865,87.23,False,0.25530054851569467,0.9035826325416565
866,79.79,True,0.20302296681211077,0.901944637298584
867,12.92,False,0.3052395496172004,0.8684788942337036
868,4.73,False,0.18731149551554008,0.8928498029708862
869,58.160004,False,0.3621714501591626,0.9212799668312073
870,54.74,True,0.3135674487419314,0.9271588921546936
871,34.7,False,0.32321951642288305,0.9118874669075012
872,13.3,False,0.25430496664543517,0.9236927628517151
873,13.54,False,0.29251818380538985,0.9303572177886963
874,64.66,False,0.19035114714687504,0.8428270220756531
875,15.7,True,0.17505756793821636,0.8679453134536743
876,25.31,False,0.2106364647596152,1.0155284404754639
877,23.21,True,0.16443445286748562,1.0295510292053223
878,794.75,False,0.43791898090056874,0.8858595490455627
879,730.61,False,0.412860782692942,0.8879598379135132
880,365.93,False,0.32422495707294796,0.9002515077590942
881,98.07,False,0.2597344357768815,0.9233707785606384
882,72.08,False,0.18193291210147383,0.9104025363922119
883,24.480001,True,0.14431376944068777,0.9831659197807312
884,21.699999,False,0.22407758438800454,0.9691976308822632
885,21.47,True,0.16405429814948663,0.9737446308135986
886,204.12,False,0.3249178932293566,0.8731178641319275
887,50.789997,False,0.2138314220381939,0.840929388999939
888,105.68,False,0.32822616202865335,0.900392472743988
889,29.31,False,0.25217154236001055,0.9871034026145935
890,20.73,True,0.13791669248340735,1.0232726335525513
891,72.89,False,0.27019462553845963,0.8651866316795349
892,47.02,False,0.21457155082524096,0.8612143397331238
893,25.52,False,0.2171569732153553,0.8715260028839111
894,364.16003,False,0.42853424993220746,0.8756832480430603
895,275.64,False,0.42126488292403014,0.8982527852058411
896,89.54,False,0.28592763895902745,0.863523006439209
897,14.2,False,0.24958697806966426,0.895943820476532
898,42.87,False,0.30161030264883437,0.8243973255157471
899,16.71,False,0.2318314230104375,0.8225541710853577
900,25.25,False,0.2252610834172146,0.8219855427742004
901,152.59,False,0.4216540333408969,0.9177735447883606
902,104.509995,False,0.3323047868633473,0.932968258857727
903,94.13,True,0.2543661782416501,0.944486677646637
904,79.17,False,0.24033951286004623,0.9473055601119995
905,72.64,True,0.17631953574473472,0.9538690447807312
906,20.99,False,0.27416800351075044,0.9182410836219788
907,23.39,False,0.26369449147069196,0.8782303929328918
908,75.72,False,0.23589440567120523,0.797583818435669
909,45.55,False,0.2817080810234984,0.8506487607955933
910,194.52,False,0.4771841540246841,0.8823396563529968
911,55.56,False,0.2838536300191176,0.8734714388847351
912,119.22,False,0.4491545610454355,0.8896194696426392
913,87.08,False,0.39471054013981477,0.8879527449607849
914,69.18,True,0.2630069207172664,0.8937897682189941
915,58.379997,False,0.22993756568795415,0.8798729777336121
916,57.149998,True,0.17226635647330643,0.8790664672851562
917,29.269999,False,0.20318103431344045,0.8460590839385986
918,30.580002,False,0.3594908273778757,0.894814670085907
919,20.230001,True,0.17816661558522326,0.9379966855049133
920,8.56,False,0.26466094639421656,0.8550647497177124
921,31.87,False,0.2629912693959241,0.8089459538459778
922,94.59,False,0.4428822911612992,0.8930123448371887
923,75.149994,True,0.3132478493091102,0.8925234079360962
924,37.239998,False,0.3755597099566233,0.8268036246299744
925,18.3,False,0.3096516205242849,0.841023862361908
926,17.45,False,0.30696776810924653,0.811069130897522
927,13.56,False,0.4323388333209279,0.8568783402442932
928,47.65,False,0.2832742671825842,0.859524130821228
929,14.92,False,0.36809860252140947,0.8675921559333801
930,111.119995,False,0.4075884864634652,0.8321107029914856
931,91.99,True,0.3406178642027326,0.8265281319618225
932,37.75,False,0.3646683432205995,0.8261171579360962
933,17.06,True,0.2382033022494643,0.8467244505882263
934,30.27,False,0.2856108264463766,0.8133353590965271
935,34.2,False,0.257458229818537,0.8774300813674927
936,72.03999,False,0.32399917393994343,0.8478212952613831
937,63.609997,True,0.19822880706455925,0.8576491475105286
938,30.999998,False,0.31290259148990235,0.8073804974555969
939,56.85,False,0.5216119977174849,0.7645841836929321
940,18.98,False,0.31694482225001097,0.7390425801277161
941,14.65,False,0.3232095404709336,0.786460816860199
942,14.58,False,0.5684645730582361,0.8502059578895569
943,15.12,False,0.4502988540512096,0.8654364943504333
944,118.96999,False,0.5169274915633488,0.8556110858917236
945,86.509995,False,0.33610841539637404,0.8702500462532043
946,65.27,True,0.13686031419694453,0.8944333791732788
947,11.12,False,0.31690894446667695,0.8036181926727295
948,17.89,False,0.28803094479674984,0.8460872769355774
949,19.81,False,0.31666932590302294,0.8645432591438293
950,1349.9001,False,0.7596324014036135,0.8394725918769836
951,1152.3301,False,0.687722116422227,0.8400392532348633
952,1135.17,True,0.6603351465280046,0.8408247828483582
953,26.21,False,0.16392588163997326,0.9360569715499878
954,26.039999,True,0.10263725046712267,0.9392963647842407
955,7.82,False,0.2928440864100866,0.7851705551147461
956,1065.41,False,0.692058964644748,0.8377682566642761
957,1003.2001,False,0.6478966461748709,0.8400366306304932
958,23.92,False,0.2203127869516734,0.8180025219917297
959,892.43005,False,0.5583190276724168,0.8407950401306152
960,889.22003,True,0.5342168740506121,0.8405851125717163
961,812.42004,False,0.49486963706588616,0.8406439423561096
962,23.83,False,0.20267936472065734,0.7659183740615845
963,755.42004,False,0.4191973838249034,0.8444712162017822
964,747.84,False,0.37528481581088935,0.8453618288040161
965,714.14,True,0.2931790466294881,0.8475989103317261
966,10.84,False,0.26768105985121343,0.7730363011360168
967,40.3,False,0.2835685692649281,0.7955791354179382
968,12.72,False,0.33020333069248065,0.7682905793190002
969,372.05002,False,0.49311844663210586,0.8455100655555725
970,310.6,False,0.4342912213641905,0.855957567691803
971,309.54,True,0.39813496311585606,0.8556570410728455
972,28.56,False,0.2620444668976584,0.8451724648475647
973,208.94,False,0.4267099110310654,0.8392297029495239
974,208.7,True,0.3800940097865085,0.8389328718185425
975,191.69,False,0.38443659173766725,0.8370423913002014
976,59.450005,False,0.2974303031187765,0.8234553933143616
977,50.410004,False,0.2526627515765453,0.8264440298080444
978,14.89,False,0.22661932533877663,0.8360301852226257
979,23.85,False,0.1856829252300636,0.8170567750930786
980,3.61,False,0.2991446810699605,0.8089110255241394
981,108.159996,False,0.36226950274421865,0.8482568264007568
982,49.769997,False,0.2904160615831005,0.8517056703567505
983,16.56,True,0.17664206479869163,0.9078382253646851
984,49.89,False,0.3500403427291466,0.847740650177002
985,24.7,False,0.26861620927996666,0.8728427290916443
986,15.76,False,0.2960260818859613,0.8158090114593506
987,59.940002,False,0.302563692773156,0.7898407578468323
988,14.25,True,0.16291473625874547,0.909497082233429
989,73.04,False,0.3716540906190081,0.885326087474823
990,66.17,True,0.2836784650781634,0.8954991102218628
991,21.75,False,0.2545721092421674,0.8643671870231628
992,23.089998,False,0.2701545337540835,0.8762903213500977
993,21.339998,True,0.18795236213775332,0.8742028474807739
994,7.48,False,0.36283374786033973,0.8040397763252258
995,68.11,False,0.3421392080952754,0.8462873697280884
996,58.73,True,0.21968947856953003,0.8471899628639221
997,24.5,False,0.2310086526546866,0.806938886642456
998,32.28,False,0.30281666315539335,0.7978459000587463
999,139.04001,False,0.3435929260432203,0.8708895444869995
1000,121.51,True,0.21433749255977105,0.8688032627105713
1001,90.700005,False,0.2240977755083967,0.8553922772407532
1002,21.88,False,0.2214999036517798,0.8865092992782593
1003,10.34,False,0.14728909604049126,0.7617888450622559
1004,91.25,False,0.48203215496813595,0.820775032043457
1005,79.27,True,0.3934122872585741,0.825568437576294
1006,67.32,False,0.4550285534500613,0.8200395703315735
1007,57.06,False,0.3628980294786157,0.8177710175514221
1008,46.2,False,0.22784510719375692,0.8015176057815552
1009,10.14,False,0.2939188702225795,0.8977361917495728
1010,9.71,False,0.2684693355753923,0.8453202247619629
1011,24.59,False,0.1515699397854206,0.797447681427002
1012,22.23,False,0.5318266067541012,0.8411213159561157
1013,13.7,False,0.2929786970961435,0.8547879457473755
1014,7.72,False,0.5774008658286625,0.8185886144638062
1015,4.3,False,0.38452750408254716,0.6923672556877136
1016,5.84,False,0.5801046279774074,0.823162317276001
1017,280.28998,False,0.7810541566542331,0.8003969788551331
1018,259.25998,False,0.7667118976721303,0.8045415282249451
1019,23.97,False,0.7035564212197691,0.8286422491073608
1020,228.45999,False,0.7213136155642531,0.8036550879478455
1021,15.0,False,0.4865352066135995,0.7631714940071106
1022,188.0,False,0.6150209556623675,0.8127638101577759
1023,187.37,True,0.5438226972530918,0.8133308291435242
1024,47.68,False,0.5036231688972448,0.7514780163764954
1025,31.380001,True,0.2418177606427396,0.7560689449310303
1026,4.96,False,0.3207880108466962,0.733815610408783
1027,19.34,False,0.34897849972583644,0.7232592701911926
1028,13.71,False,0.3673946335062955,0.7428537607192993
1029,30.749998,False,0.4703222322735202,0.7874889969825745
1030,93.840004,False,0.6713435367557719,0.829636812210083
1031,92.8,True,0.5650718601259492,0.8311815857887268
1032,68.29,False,0.792201926651371,0.8204914927482605
1033,60.59,False,0.7490792893512799,0.8249963521957397
1034,37.43,False,0.7168318800940755,0.8545069694519043
1035,17.45,True,0.3275219330717775,0.8754066824913025
1036,10.86,False,0.542608090605256,0.8478970527648926
1037,18.54,False,0.5370075567744774,0.7667926549911499
1038,3.09,False,0.6944501974916956,0.7912960052490234
1039,11.29,False,0.530562218626444,0.7936566472053528
1040,13.88,False,0.3327493799978483,0.7673123478889465
1041,38.26,False,0.17221017963893287,0.7261856198310852
1042,7.58,False,0.06949601242428537,0.7525163888931274
1043,17.8,False,0.11436441086574378,0.7211354970932007
1044,561.8,False,0.6802029605485493,0.7764689922332764
1045,6.99,False,0.15634584021105832,0.689729630947113
1046,542.12,False,0.6598034135088452,0.7783419489860535
1047,93.229996,False,0.3947810376039056,0.7764125466346741
1048,26.05,False,0.2972906007093761,0.8700758814811707
1049,66.27,False,0.28627109930806477,0.7443002462387085
1050,419.63,False,0.6766635232665635,0.7819687128067017
1051,314.78,False,0.6519929635213372,0.7986239194869995
1052,277.79,False,0.6250582695877693,0.8052767515182495
1053,25.17,False,0.28427892636728874,0.731789231300354
1054,20.67,False,0.179354393088101,0.7295148372650146
1055,1.98,False,0.25390082787628715,0.7659956812858582
1056,245.97,False,0.5886501387615769,0.8141674399375916
1057,192.8,False,0.5135450573463328,0.8316332697868347
1058,173.86,False,0.43290236806464083,0.8369045853614807
1059,163.94,False,0.34121654648648003,0.8423616290092468
1060,139.64,True,0.22170645696331145,0.837554931640625
1061,7.66,False,0.30310871774703607,0.8090991973876953
1062,74.3,False,0.5382943081240498,0.8505661487579346
1063,25.46,False,0.6872062323851015,0.8603996634483337
1064,13.86,False,0.6578271974672593,0.8909721374511719
1065,4.75,False,0.5171070495955901,0.8393299579620361
1066,11.64,False,0.4427338307800295,0.8689435124397278
1067,27.27,False,0.6462570314637607,0.8077874183654785
1068,18.36,False,0.5862259863825817,0.8043172359466553
1069,5.15,False,0.570965308407371,0.7909751534461975
1070,5.12,False,0.4746154287428084,0.8163907527923584
1071,5.67,False,0.46927759147612613,0.8169602155685425
1072,6.85,False,0.24401435459386295,0.7579537034034729
1073,11.45,False,0.3529675159362867,0.7880054712295532
1074,52.78,False,0.34778586868905664,0.749136209487915
1075,11.47,False,0.3086336992207662,0.7451542615890503
1076,18.82,False,0.26267286278644614,0.7460541129112244
1077,28.61,False,0.2760196620349472,0.7540305256843567
1078,89.03999,False,0.5871976899577287,0.7241302728652954
1079,79.369995,False,0.5535394574913103,0.7216270565986633
1080,47.239998,False,0.472721677849949,0.7033449411392212
1081,37.09,False,0.4090300366953967,0.6931968331336975
1082,6.42,False,0.2850580795279589,0.7385474443435669
1083,19.04,False,0.3444104078861187,0.6546989679336548
1084,4.41,False,0.25980309128604584,0.7007821202278137
1085,31.08,False,0.42765588678566036,0.7496086955070496
1086,5.45,False,0.2877515803950662,0.7901511192321777
1087,16.59,False,0.36137372567857734,0.7473412752151489
1088,1.03,False,0.28149973582637944,0.7924973964691162
1089,8.4,False,0.2767658037664966,0.7261698842048645
1090,2.99,False,0.21990203277707163,0.7148897647857666
1091,49.33,False,0.39731146755236757,0.7272701859474182
1092,19.27,False,0.2618781712705917,0.7355397939682007
1093,19.42,False,0.3228067542836921,0.6841295957565308
1094,17.140001,False,0.191977912505144,0.7960066199302673
1095,16.970001,True,0.12348650041187852,0.797423779964447
1096,2.25,False,0.13298563685784315,0.7034484148025513
1097,7.79,False,0.1804755261604668,0.7775740027427673
1098,1.06,False,0.1699209231712071,0.6937125325202942
1099,4.19,False,0.16933477914032888,0.5598637461662292
1100,4.94,False,0.23394250308491543,0.6457228660583496
1101,2.8,False,0.190150551019172,0.6464085578918457
1102,172.87,False,0.5881635572657455,0.7252374291419983
1103,150.62,False,0.5438229498891912,0.7300026416778564
1104,115.36,True,0.4782431705584139,0.7476334571838379
1105,93.25,False,0.6496101090653164,0.732278048992157
1106,4.53,False,0.2668556082788938,0.6469314098358154
1107,84.8,False,0.6081256887289413,0.7381004095077515
1108,67.840004,False,0.5477369094578798,0.7368679046630859
1109,57.940002,False,0.4878611530269617,0.7362678647041321
1110,40.09,False,0.4226798694288596,0.730010449886322
1111,29.94,False,0.37204353579978316,0.725314199924469
1112,7.27,False,0.25811654051758554,0.7499889135360718
1113,20.54,False,0.27364086392648723,0.7125122547149658
1114,3.6,False,0.28810056160167397,0.7077138423919678
1115,15.08,False,0.30007434543007777,0.7655348777770996
1116,8.17,False,0.27968353767440757,0.7564888000488281
1117,16.31,False,0.3020343372033172,0.7487768530845642
1118,18.96,False,0.2978630003066349,0.698578417301178
1119,11.04,False,0.3658507520224183,0.7866289615631104
1120,12.389999,False,0.5249362380502782,0.8224791884422302
1121,6.56,True,0.1832225686358128,0.947263777256012
1122,20.189999,False,0.5284124863572951,0.7394384741783142
1123,13.23,False,0.4115119254270482,0.7540034651756287
1124,6.01,False,0.4364598630735341,0.699602484703064
1125,4.89,False,0.3968960295411304,0.6010869741439819
1126,16.119999,False,0.5628034455590167,0.6892606616020203
1127,5.5,False,0.4045377893429033,0.7369455695152283
1128,4.91,False,0.5158920840618924,0.7139238119125366
1129,55621.477,False,0.8068586454786189,0.8441504240036011
1130,4.08,False,0.47092435047711,0.7281014323234558
1131,55613.137,False,0.8080494174591287,0.8440960645675659
1132,8.0,False,0.5483343184999898,0.7026437520980835
1133,1.69,False,0.4969830876049021,0.6712451577186584
1134,3.12,False,0.5356915171742614,0.6988722681999207
1135,55602.336,False,0.8090509196291,0.8440583348274231
1136,6.31,False,0.6613786086714949,0.7618514895439148
1137,1.65,False,0.5538456637554686,0.7115886211395264
1138,1.86,False,0.5633643460800181,0.7072581052780151
1139,55591.875,False,0.8096209545124003,0.8440392017364502
1140,45.34,False,0.5910127109864499,0.7923604249954224
1141,55493.734,False,0.8098689470312911,0.8441129922866821
1142,451.56,False,0.7822081249255926,0.7621191740036011
1143,408.21,False,0.7808473586389113,0.7610273361206055
1144,17.12,False,0.5518456551572333,0.7160316109657288
1145,384.19998,False,0.7670431207908988,0.7648364901542664
1146,330.91998,False,0.7530154286763141,0.7727521061897278
1147,66.579994,False,0.4766248817991553,0.7231025695800781
1148,15.29,False,0.6351464657942086,0.7195668816566467
1149,9.16,False,0.461646254844874,0.7134133577346802
1150,5.79,False,0.5400967886725551,0.7302997708320618
1151,3.62,False,0.479474767073217,0.7010287642478943
1152,255.55,False,0.6775891684901025,0.7844079732894897
1153,209.64,False,0.5525691620784741,0.7878066897392273
1154,200.25,True,0.46620160552198064,0.7863581776618958
1155,6.26,False,0.41852359428426245,0.7102785706520081
1156,137.28,False,0.5037597275450869,0.7857260704040527
1157,122.27,False,0.3950659422567809,0.7953011989593506
1158,120.42,True,0.3540493328854241,0.7963279485702515
1159,104.079994,False,0.38738152790548164,0.78997802734375
1160,103.979996,True,0.3398488763272399,0.7896190285682678
1161,1.27,False,0.3589676259522792,0.716106116771698
1162,93.2,False,0.31380767064006254,0.7909876108169556
1163,92.649994,True,0.2526246609548144,0.7920188903808594
1164,13.53,False,0.2789586052782972,0.7105830311775208
1165,44.309998,False,0.32002539100648464,0.8145034909248352
1166,34.23,True,0.17246541075061905,0.8278303146362305
1167,11.51,False,0.2557151237683303,0.7768898606300354
1168,4.74,False,0.2450803893717868,0.7790921330451965
1169,13.57,False,0.15152594963106336,0.6179715394973755
1170,12.96,False,0.3615733360623526,0.6987364888191223
1171,38.39,False,0.30885845926665706,0.7097859978675842
1172,44.72,False,0.5795313578573005,0.7705149054527283
1173,11.13,False,0.43058505126381263,0.7606390118598938
1174,23.03,False,0.5935923180666315,0.7308639883995056
1175,17.61,False,0.521975832425635,0.7371155619621277
1176,2.86,False,0.502081244495485,0.7217681407928467
1177,8.71,False,0.3909759870037293,0.7412769794464111
1178,4.84,False,0.4095112119895494,0.7264930605888367
1179,50.6,False,0.5242885161128079,0.7155805826187134
1180,5.68,False,0.4143289823538869,0.7119916081428528
1181,14.09,False,0.49197976238244284,0.7315661311149597
1182,11.55,False,0.3625806186373836,0.7236003279685974
1183,2.12,False,0.5207039749871919,0.7681962847709656
1184,20.77,False,0.4527707964734823,0.7183210849761963
1185,55040.074,False,0.8085049961577695,0.8449273109436035
1186,54866.023,False,0.8085183089926766,0.8451626896858215
1187,28.37,False,0.48176980527319335,0.7985411286354065
1188,54826.703,False,0.8078479936648527,0.8452252149581909
1189,23802.295,False,0.7815114259375342,0.891701877117157
1190,23.96,False,0.5806548252215332,0.7719419598579407
1191,23757.285,False,0.775304850091287,0.8918744325637817
1192,23710.766,False,0.7690166684899017,0.8920213580131531
1193,23701.477,True,0.76401443473692,0.8919714093208313
1194,69.38,False,0.39833559483367587,0.7051557302474976
1195,5.82,False,0.36383378821983275,0.6524413228034973
1196,28.37,False,0.3158592886289701,0.757720947265625
1197,8.83,False,0.3063621766744876,0.6909323334693909
1198,340.90997,False,0.6120017604175694,0.7756382822990417
1199,47.8,False,0.23983677162377773,0.7483068108558655
1200,277.02,False,0.6319296213518655,0.7814167737960815
1201,257.55,False,0.5918678946927013,0.7781627178192139
1202,209.60999,False,0.5495510560987258,0.783405065536499
1203,75.7,False,0.44807629432331464,0.7733208537101746
1204,7.94,False,0.2365297086473891,0.7338940501213074
1205,59.03,False,0.4218340995561374,0.7708196640014648
1206,42.14,False,0.3796782014147878,0.7764027118682861
1207,6.55,False,0.2587004092828626,0.8567240834236145
1208,25.02,False,0.37401256962214297,0.7550545930862427
1209,21.33,False,0.2797900791374173,0.755584180355072
1210,2.27,False,0.2988544551082844,0.7420496344566345
1211,8.46,False,0.2374914712754673,0.7999991178512573
1212,121.09,False,0.3990156542946851,0.7890874743461609
1213,111.53999,True,0.3182485083175464,0.7953267097473145
1214,79.759995,False,0.4011623461498043,0.7797797918319702
1215,65.63,True,0.30443265315421625,0.7800589203834534
1216,39.67,False,0.34971181749686264,0.7647836208343506
1217,28.45,False,0.25658540351697434,0.7505117654800415
1218,7.76,False,0.27974687235203477,0.7626222372055054
1219,20.25,False,0.2689303836492697,0.7681116461753845
1220,35.46,False,0.28758140342647137,0.760947585105896
1221,18.1,False,0.3504577878542498,0.8174408078193665
1222,29.39,False,0.23155911492341694,0.5864093899726868
1223,41.84,False,0.31511075428994095,0.6839846968650818
1224,14.02,False,0.30825789126800207,0.7581392526626587
1225,12.52,False,0.18389268013457846,0.6500653624534607
1226,35.06,False,0.3480056248515852,0.7741885781288147
1227,6.4,False,0.2887681307610192,0.8045318722724915
1228,14.31,False,0.27980525609938656,0.7922330498695374
1229,9.6,False,0.16661096334597308,0.6577441692352295
1230,19.24,False,0.2355651835322588,0.7395148873329163
1231,0.37,False,0.23848877219577036,0.5940072536468506
1232,22936.188,False,0.7507588280318852,0.8960403800010681
1233,22930.678,False,0.7465075066546745,0.8960267305374146
1234,315.38,False,0.5310296069049201,0.7775459289550781
1235,197.9,False,0.49362208776647176,0.7537596225738525
1236,25.4,False,0.2455212548032116,0.7285134792327881
1237,167.62999,False,0.4478104551776288,0.7578133940696716
1238,51.34,False,0.22060595374030104,0.6587460041046143
1239,115.649994,False,0.4083255990277051,0.7995065450668335
1240,25.15,False,0.17039392223324998,0.6996291279792786
1241,67.2,False,0.42074641099278526,0.8309674263000488
1242,31.73,False,0.25452122628838886,0.7686635255813599
1243,32.43,False,0.37323480873594345,0.9001292586326599
1244,17.88,True,0.16277840830363424,1.0105313062667847
1245,110.880005,False,0.4195049239010631,0.8218139410018921
1246,34.100002,False,0.3659086591096951,0.8537716269493103
1247,14.13,False,0.2670288189794135,0.8903350234031677
1248,13.09,True,0.1691168693326626,0.8978778123855591
1249,8.04,False,0.23269799102254055,0.8812472820281982
1250,3.52,False,0.2504128963544503,0.8347527980804443
1251,67.56,False,0.2750507366696491,0.8106133341789246
1252,62.42,True,0.1927805378916485,0.8168238997459412
1253,40.229996,False,0.3455999683525191,0.7885341644287109
1254,17.89,False,0.20137190096631022,0.7811729311943054
1255,22.239998,False,0.22754817699085184,0.7934020757675171
1256,20.439999,True,0.13908430634611357,0.798414945602417
1257,6.92,False,0.1521515706633442,0.7668854594230652
1258,22589.928,False,0.7367885360455467,0.8976336717605591
1259,22579.568,False,0.7310072138031505,0.8976949453353882
1260,22554.178,False,0.7269823171492976,0.8978637456893921
1261,22553.818,True,0.7210224186575018,0.8978437185287476
1262,12.51,False,0.22817327058253115,0.758996844291687
1263,22.67,False,0.2099594226520553,0.7303491830825806
1264,16.69,False,0.14548124956066785,0.7361709475517273
1265,78.08,False,0.1288947291218814,0.8165931105613708
1266,64.43,True,0.02639601295908236,0.86479252576828
1267,25.769999,False,0.019044079947943257,0.8991915583610535
1268,25.669998,True,0.011140528199642081,0.8970651626586914
1269,13.59,False,0.12556538771735773,0.6517906785011292
1270,279.39,False,0.5978317806603918,0.7783327698707581
1271,247.16,False,0.6002357053682916,0.7748119831085205
1272,210.79001,False,0.6270236820799961,0.7801302671432495
1273,28.7,False,0.36946998632560085,0.7762665748596191
1274,19.94,False,0.25572895932384715,0.7740542888641357
1275,7.48,False,0.3010965433469381,0.7762871384620667
1276,173.73001,False,0.6145858588880568,0.7787330746650696
1277,152.1,False,0.5752141178621586,0.7757336497306824
1278,21.56,False,0.3227413329682721,0.7631067037582397
1279,117.380005,False,0.5370362775634967,0.7766820788383484
1280,5.41,False,0.3562713493168611,0.7650980353355408
1281,104.19,False,0.44454949740179833,0.7726241946220398
1282,83.24,False,0.34187672919838535,0.7573019862174988
1283,48.489998,False,0.2691422381933029,0.7477286458015442
1284,12.6,False,0.21673409046223696,0.7967285513877869
1285,14.17,False,0.29238276195386514,0.8572945594787598
1286,16.17,False,0.29164284270369345,0.8036653399467468
1287,7.19,False,0.2799069208216169,0.7790204286575317
1288,11.9,False,0.33623795751864666,0.7989439964294434
1289,20591.479,False,0.6926808348415485,0.9042705297470093
1290,12.39,False,0.12496802435205656,0.7904326319694519
1291,20578.988,True,0.682881898310269,0.9042772650718689
1292,20570.748,False,0.6650275217856528,0.9044498801231384
1293,20507.648,False,0.6551858410131732,0.9046746492385864
1294,25.210001,False,0.07529146362215394,0.7136656045913696
1295,20456.648,False,0.647043734225646,0.9050240516662598
1296,20410.12,False,0.6391101275095449,0.9054097533226013
1297,19928.6,False,0.6316375770331334,0.9058796763420105
1298,19802.9,False,0.6231132040080357,0.9063671827316284
1299,16355.931,False,0.46771773889716284,0.9183615446090698
1300,15923.431,False,0.4378281186411641,0.9206055998802185
1301,106.98001,False,0.39378876025397785,0.8669754862785339
1302,71.880005,True,0.26195135476028264,0.9019393920898438
1303,47.2,False,0.2971318631528241,0.8574965596199036
1304,15803.65,False,0.4222045862384227,0.921027421951294
1305,20.2,False,0.3430373292259475,0.8383976817131042
1306,15780.45,False,0.4130587706324919,0.9212278127670288
1307,15740.97,False,0.4002509713830512,0.9214316010475159
1308,44.73,False,0.21367744347591727,0.8067873120307922
1309,15690.16,False,0.3865801113974299,0.9219114184379578
1310,15656.53,False,0.3727311845625707,0.9223116040229797
1311,21.58,False,0.18413109603825362,0.8634781241416931
1312,15588.69,False,0.36135828093973615,0.9226393699645996
1313,15576.12,True,0.3538125018507102,0.9228042960166931
1314,0.75,False,0.2649913414429674,0.8743113279342651
1315,39.78,False,0.3322537462688685,0.7287856936454773
1316,66.729996,False,0.5354795153720443,0.8449636101722717
1317,59.92,True,0.4212257544807764,0.8503900766372681
1318,37.95,False,0.44694453206928003,0.8455154299736023
1319,23.330002,True,0.2619527227409142,0.8358910083770752
1320,26.51,False,0.32671668334073545,0.7982985973358154
1321,22.62,False,0.23987106424600277,0.7928734421730042
1322,0.32,False,0.4256348439699405,0.7874602675437927
1323,17.41,False,0.2785155704222244,0.9336915612220764
1324,7.51,False,0.17365773232524073,0.8303408026695251
1325,116.0,False,0.6022031003316999,0.850690484046936
1326,11.29,False,0.24064441581745943,0.7826157808303833
1327,82.159996,False,0.5458112944242989,0.8744297027587891
1328,16.75,False,0.288392944850933,0.7416831254959106
1329,59.309998,False,0.4239405881440452,0.9180735945701599
1330,58.39,True,0.3597871348901193,0.9183064103126526
1331,22.81,False,0.39554163289020294,0.8971360921859741
1332,26.6,False,0.41137555051868674,0.9202938079833984
1333,181.43,False,0.5362226748591761,0.8540520071983337
1334,148.67,False,0.49716428650554945,0.8622242212295532
1335,56.05,False,0.4124590909503092,0.869603157043457
1336,45.6,True,0.24290588435829813,0.8989298343658447
1337,69.47,False,0.36295777425847975,0.8903993964195251
1338,22.17,False,0.30215304226309053,0.8342211842536926
1339,28.88,False,0.3576362392490894,0.7817744612693787
1340,28.65,False,0.322414181184275,0.7934246063232422
1341,40.15,False,0.40730369216666656,0.8639363050460815
1342,40.050003,True,0.3370238209323092,0.862084686756134
1343,32.56,False,0.37972498430563856,0.8357971906661987
1344,445.89,False,0.4946691684261314,0.9009126424789429
1345,27.220001,False,0.30322481674666685,0.8298329710960388
1346,12.18,False,0.25740885893071397,0.8096747994422913
1347,11.18,False,0.24430950900613055,0.8451741337776184
1348,406.56,False,0.41208951457099874,0.905367374420166
1349,391.13,True,0.3602845516639021,0.9069132804870605
1350,383.11002,False,0.35931339635067794,0.9061065912246704
1351,381.07,True,0.3288106982350258,0.9061710238456726
1352,39.5,False,0.4718038559454845,0.8878628015518188
1353,29.01,True,0.2806603126905875,0.9050324559211731
1354,16.68,False,0.25753912320324324,0.8991630673408508
1355,14.17,True,0.1421193026216964,0.9078202247619629
1356,260.26,False,0.3462356320796802,0.9133207201957703
1357,260.06,True,0.2987394449161025,0.9132327437400818
1358,40.16,False,0.2931733957693163,0.9302487373352051
1359,72.229996,False,0.35199357284100724,0.8988292813301086
1360,44.91,True,0.19455093697515657,0.936460554599762
1361,19.34,False,0.2623003688157528,0.9333820343017578
1362,19.24,True,0.20842585741054248,0.9293209314346313
1363,10.92,False,0.32180913144822276,0.9003564715385437
1364,121.35,False,0.3557221770043211,0.910651445388794
1365,5.74,False,0.23292370227510756,0.8701022267341614
1366,49.690002,False,0.23309558653046883,0.9548870325088501
1367,45.65,True,0.17141955845415213,0.9602391123771667
1368,24.560001,False,0.15552113599668352,0.9395931363105774
1369,11.97,False,0.26160932053156155,0.9663630127906799
1370,8.77,True,0.1413083981215116,0.995587170124054
1371,36.579998,False,0.27320897698829233,0.8594009280204773
1372,52.5,False,0.25977095716297405,0.8609726428985596
1373,374.38,False,0.4396199761588249,0.9209911227226257
1374,17.52,False,0.22036549901251443,0.9051764607429504
1375,342.75,False,0.38479037779858255,0.9233742952346802
1376,243.31,True,0.26709110605291037,0.9196563363075256
1377,145.23,False,0.36664230240666895,0.9096599221229553
1378,24.49,False,0.23353015160415913,0.9583706855773926
1379,115.15,False,0.3181014969749733,0.8991512060165405
1380,97.590004,False,0.25562228805100945,0.9078858494758606
1381,33.88,False,0.20401091464301377,0.9584327340126038
1382,36.29,False,0.22392801341829416,0.8972543478012085
1383,13.12,False,0.2701194871753392,0.8418067693710327
1384,28.93,False,0.2435643821532274,0.9597200751304626
1385,14.23,False,0.2518726163076573,0.7966458797454834
1386,95.8,False,0.3143190013081997,0.8937391638755798
1387,7.57,False,0.23303544371981277,0.890659749507904
1388,56.14,False,0.268113857113171,0.8771712183952332
1389,6807.2695,False,0.6630041772150905,0.9193477034568787
1390,37.28,False,0.21921330674860004,0.9139053821563721
1391,6716.1494,False,0.6568051587259295,0.918921172618866
1392,12.58,False,0.20522043351389851,0.8574029207229614
1393,6648.3394,False,0.6518146639833604,0.9192455410957336
1394,185.91,False,0.31616656825167944,0.9558627009391785
1395,48.91,False,0.22172165057425755,0.9909698963165283
1396,135.19,False,0.2768840632103418,0.9444316029548645
1397,50.09,False,0.2452743667552234,0.9435754418373108
1398,12.67,False,0.18466623962679682,0.944174587726593
1399,21.68,False,0.2133160527551791,0.9179430603981018
1400,12.5,False,0.14494214293644803,0.8899558186531067
1401,8.68,False,0.21428150466945337,0.9562155604362488
1402,60.77,False,0.23682601252893848,0.9465382695198059
1403,6460.1895,False,0.645728485888143,0.9180812239646912
1404,31.55,False,0.219742085632215,0.9591559767723083
1405,6382.9194,False,0.640105112813139,0.9174839854240417
1406,6332.9194,False,0.6356745771907779,0.917125403881073
1407,19.34,False,0.23364087586057852,0.8962891101837158
1408,6305.3896,False,0.6318862932395878,0.9171637892723083
1409,6295.0596,False,0.6282423741789808,0.9171509146690369
1410,5954.3096,False,0.6303839080193688,0.9160332679748535
1411,5921.7896,False,0.6252033084617719,0.9159932136535645
1412,5891.3496,False,0.6194384801217075,0.9160045385360718
1413,5855.03,False,0.6145474397653681,0.916111946105957
1414,110.58,False,0.3754142319954687,0.9509790539741516
1415,29.19,False,0.26498928674908473,0.9432302117347717
1416,80.28,False,0.2968501000422581,0.9553066492080688
1417,53.21,True,0.17195164952202055,0.9609176516532898
1418,19.53,False,0.254544008742547,0.9702688455581665
1419,5744.02,False,0.6079147198916691,0.9154267311096191
1420,2963.6902,False,0.5666699523139865,0.9324286580085754
1421,27.66,False,0.17740615878710114,0.933971107006073
1422,2935.3801,False,0.5575140396485003,0.9324412941932678
1423,162.02,False,0.37003640074437016,0.9243445992469788
1424,122.26,False,0.33441015931062185,0.9305092096328735
1425,85.05,False,0.2798387036930996,0.9505245685577393
1426,21.16,False,0.259339990904784,0.9506326913833618
1427,6.31,False,0.2561797786502246,0.970798134803772
1428,22.76,False,0.2919561753434645,0.8658493161201477
1429,6.11,False,0.2821339102557478,0.8308625221252441
1430,2737.33,False,0.5519120963280895,0.9327619671821594
1431,2706.7002,False,0.5410279466742963,0.933329701423645
1432,248.01,False,0.35656855929750897,0.9471427202224731
1433,11.29,False,0.32009431423045526,0.916144609451294
1434,201.56999,False,0.34279030426738716,0.951651394367218
1435,174.98,False,0.32302852567565554,0.9539563059806824
1436,65.479996,False,0.3054012895703572,0.9554977416992188
1437,58.989998,True,0.23529154312099787,0.9651804566383362
1438,8.43,False,0.2812509449382869,0.8754140734672546
1439,27.35,False,0.2260720689121511,0.9396240711212158
1440,22.630001,True,0.15198744170015183,0.956089198589325
1441,43.24,False,0.3052893242892347,0.9406758546829224
1442,20.13,False,0.2431358778720641,0.9339616298675537
1443,2457.85,False,0.5407901874857944,0.9319584369659424
1444,110.71001,False,0.25504341138847436,0.8823201656341553
1445,45.22,False,0.20071958922089908,0.8729771971702576
1446,65.340004,False,0.21250622427828872,0.8891210556030273
1447,2345.59,False,0.538210901413605,0.9344621896743774
1448,1885.0302,False,0.5449574496548516,0.9371950030326843
1449,1824.5101,False,0.5367993650598227,0.9381123781204224
1450,1794.9001,False,0.5279076847130632,0.9391269087791443
1451,1696.3801,False,0.5275362865297606,0.9410521388053894
1452,14.89,False,0.2689410332876913,0.876020610332489
1453,1673.3801,False,0.5190816099525062,0.9416796565055847
1454,1633.4202,False,0.5137502995669334,0.9431183338165283
1455,1335.7401,False,0.526548795408523,0.949417233467102
1456,1283.1901,False,0.5247195949854118,0.9506493210792542
1457,760.4,False,0.5624046480644275,0.9615434408187866
1458,738.28,True,0.5419605891326063,0.9638381600379944
1459,137.11,False,0.32511733210962074,0.9731390476226807
1460,128.78,True,0.2799509250120793,0.9731220006942749
1461,48.74,False,0.29680424948720613,0.9242814779281616
1462,68.28,False,0.18574567112302368,1.0109931230545044
1463,65.83,True,0.1378454581268373,1.0150165557861328
1464,34.91,False,0.2507824030180491,0.9894157648086548
1465,27.56,True,0.12375222424551789,1.0238631963729858
1466,245.95999,False,0.5706427804176274,0.9547670483589172
1467,12.5,False,0.30127519470242825,0.9491121172904968
1468,232.98999,False,0.5582888149714134,0.9551430940628052
1469,207.79999,False,0.550944189659994,0.9570605754852295
1470,60.86,False,0.5684650458744337,0.9473769068717957
1471,14.28,False,0.42211874935013377,0.9007120728492737
1472,29.97,False,0.6042592075199585,0.9450482726097107
1473,16.49,False,0.4767332534437549,0.93155837059021
1474,12.33,False,0.5360344698852368,0.9594897031784058
1475,105.799995,False,0.32431065704875417,0.9572828412055969
1476,101.979996,True,0.25001388566084104,0.9563732147216797
1477,72.24,False,0.3887774885410528,0.9242586493492126
1478,68.29,True,0.28444078136392587,0.9213096499443054
1479,48.27,False,0.36206404032150696,0.8712164163589478
1480,11.45,False,0.3425511944702706,0.9279779195785522
1481,336.59003,False,0.6673619367041138,0.9600242972373962
1482,308.96002,False,0.6547346002906379,0.9605972170829773
1483,303.53003,True,0.6353924884696024,0.9601715207099915
1484,287.47003,False,0.6491218592945041,0.9556366801261902
1485,154.42001,False,0.627073769163785,0.9298408627510071
1486,10.36,False,0.49577782286776856,0.9196389317512512
1487,135.6,False,0.5720711282481955,0.9256263375282288
1488,84.62,False,0.4364059702280867,0.9014717936515808
1489,83.62,True,0.31604602678358246,0.9003971815109253
1490,65.97,False,0.34341654885454626,0.8867152333259583
1491,50.88,False,0.41449808654247344,0.966960608959198
1492,132.44,False,0.5823724452010719,0.9875344634056091
1493,97.92,False,0.5196199251823186,0.9984679222106934
1494,52.300003,True,0.27166747754406884,1.0154203176498413
1495,27.430002,False,0.28919111686755705,1.018389105796814
1496,27.330002,True,0.19110613284099656,1.0161545276641846
1497,11.01,False,0.4019623743450464,1.0047204494476318
1498,6.47,False,0.3510708795675771,0.9368683695793152
1499,22.2,False,0.4663938880921303,0.956453800201416
1500,474.68002,False,0.45270980940448247,0.9370743036270142
1501,420.71002,False,0.41847391845333193,0.9404140710830688
1502,254.6,False,0.43640443608465285,0.9098761677742004
1503,44.81,False,0.30592603172279786,0.8733176589012146
1504,199.91,False,0.4082571690695886,0.9151077270507812
1505,154.69,False,0.40381090904866623,0.911808431148529
1506,57.510002,False,0.4030419294238978,0.9417673945426941
1507,12.77,False,0.32438487049963133,0.9765303730964661
1508,20.99,False,0.31341568728873487,0.9420871734619141
1509,72.869995,False,0.30733524862409806,0.8805791735649109
1510,29.38,False,0.24541830533143555,0.8542547821998596
1511,27.71,False,0.20950990329926641,0.8681811094284058
1512,35.47,False,0.21622567140559557,0.9325458407402039
1513,165.69,False,0.19593632536294475,0.9938796162605286
1514,147.23,True,0.1135805181963315,1.0041254758834839
1515,39.839996,False,0.20134948678899475,0.9899419546127319
1516,39.42,True,0.15076997761002042,0.9912964701652527
1517,17.79,False,0.1716804054607708,0.9676998257637024
1518,10.17,False,0.28822660557943547,1.0122922658920288
1519,9.06,False,0.20885933619421457,0.955096960067749
1520,3.74,False,0.19065166669560685,0.9660710096359253
1521,38.399998,False,0.378377265506679,0.8885225057601929
1522,0.42,False,0.4151061146610783,0.886734664440155
1523,5.06,False,0.4339703558780233,0.9473912715911865
1524,37.71,False,0.27989030398151477,0.9208850264549255
1525,24.14,False,0.23317459002392116,0.9086076021194458
1526,5.48,False,0.24296191281375226,0.905149519443512
1527,295.52,False,0.3628816745788586,0.914360761642456
1528,202.09,False,0.344333814178703,0.900901734828949
1529,48.25,False,0.265953906235209,0.9298507571220398
1530,37.48,True,0.1631067515160199,0.933380663394928
1531,9.45,False,0.26901417791098653,0.931291401386261
1532,136.92,False,0.30139838143471437,0.8895904421806335
1533,12.68,False,0.23985458807211574,0.9591774940490723
1534,55.74,False,0.3833664881060543,0.8607941269874573
1535,25.54,False,0.2364623862867866,0.8186816573143005
1536,28.1,False,0.28997903449827306,0.8889545202255249
1537,75.83,False,0.2918182385976253,0.9512640833854675
1538,61.19,True,0.2020477788931849,0.9608310461044312
1539,34.23,False,0.2533595122762803,0.9482525587081909
1540,15.28,False,0.1770659712069587,0.9647924900054932
1541,39.379997,False,0.18321703465843894,0.8832689523696899
1542,27.61,False,0.2709467950560382,0.9421044588088989
1543,25.07,False,0.20592712654014003,0.872191846370697
1544,59.12,False,0.21642076629162615,0.9117021560668945
1545,450.13,False,0.4243858230465126,0.9254387021064758
1546,381.69,False,0.42756793175906704,0.913673460483551
1547,344.56,False,0.4042055458974805,0.9031031727790833
1548,308.53,False,0.3816019837183883,0.898831307888031
1549,188.72,False,0.3589264523226221,0.8886178731918335
1550,54.34,False,0.24837605086274847,0.8603355884552002
1551,131.55,False,0.33966843882790354,0.8989300727844238
1552,64.62,False,0.21693603931734146,0.8881574869155884
1553,55.34,False,0.3610527912188114,0.8980029225349426
1554,36.11,False,0.3412701135907418,0.8970293402671814
1555,10.67,False,0.2577159704318985,0.9438372254371643
1556,15.08,False,0.3084095097221062,0.878077507019043
1557,4.28,False,0.3213888132480655,0.8710430264472961
1558,117.34,False,0.31186806310105525,0.9142996072769165
1559,73.32,False,0.22974240808110927,0.8980282545089722
1560,15.9,True,0.12271741690968258,0.9687149524688721
1561,35.12,False,0.36543584205080554,0.9419840574264526
1562,11.17,False,0.23145126071816682,0.8698158264160156
1563,22.189999,False,0.3356050350921403,0.9770017266273499
1564,14.28,True,0.1472010632460026,1.0248826742172241
1565,21.25,False,0.27095470504311675,0.9646837711334229
1566,12.39,True,0.14676628902508307,0.9598988890647888
1567,32.73,False,0.19858849501713507,1.0207701921463013
1568,31.27,True,0.1409911133524468,1.0236074924468994
1569,3.62,False,0.2760101573198225,0.8902477025985718
1570,0.68,False,0.4023197728304719,0.8759032487869263
1571,7.37,False,0.34710711293993585,0.9153888821601868
1572,2727.2998,False,0.6307536035075432,0.8956165909767151
1573,2666.5498,False,0.6272992124894118,0.8943315148353577
1574,29.36,False,0.21450661071458377,0.7940327525138855
1575,2591.4998,False,0.6177371387040694,0.8946064114570618
1576,2558.2998,False,0.6097351517062503,0.8941221833229065
1577,527.17004,False,0.4361471230606139,0.8875769972801208
1578,389.91,False,0.44175580936436,0.8851239085197449
1579,26.15,False,0.17217425776600367,0.8568870425224304
1580,358.04,False,0.44663504031148427,0.8868269920349121
1581,326.94,False,0.4522351584107779,0.882626473903656
1582,14.24,False,0.32828997122143816,0.9335481524467468
1583,269.77002,False,0.4491162414815293,0.883963942527771
1584,3.2,False,0.3208613272764361,0.8457008600234985
1585,263.95,False,0.426271764080986,0.8847514390945435
1586,26.72,False,0.2320883384461665,0.8524372577667236
1587,217.66,False,0.40313830381511195,0.8863002061843872
1588,202.24,True,0.3630270989011642,0.883065402507782
1589,52.010002,False,0.33999200595763074,0.8339101672172546
1590,17.78,False,0.3142215730597861,0.8330516815185547
1591,18.06,False,0.29091958795799794,0.8311713933944702
1592,121.86,False,0.4259045512090334,0.8887234926223755
1593,99.4,False,0.4078626876235683,0.8955557346343994
1594,73.0,False,0.360062540999796,0.9132320880889893
1595,23.54,False,0.4418670497381398,0.9087878465652466
1596,10.92,False,0.3635259816423272,0.9338577389717102
1597,9.97,False,0.36286503686731875,0.8856150507926941
1598,37.56,False,0.2175571497152544,0.9173684120178223
1599,26.03,False,0.31710927477325407,0.8458945155143738
1600,13.12,False,0.27054912684053295,0.8479905128479004
1601,15.1,False,0.30765490161615205,0.9244298934936523
1602,113.62,False,0.3343109120243614,0.8916177749633789
1603,87.48,False,0.2530909692049925,0.8720107078552246
1604,33.25,False,0.24110034201161806,0.9027615785598755
1605,14.1,False,0.23985167570935723,0.8748517036437988
1606,7.86,False,0.36450162348172516,0.8903800249099731
1607,2028.2499,False,0.6463825493033494,0.8960649967193604
1608,122.04,False,0.23553706599611302,0.9324600696563721
1609,118.520004,True,0.19798221344354178,0.9340160489082336
1610,82.14,False,0.2777877213487821,0.925386905670166
1611,45.34,True,0.2196452037212752,0.9061876535415649
1612,23.03,False,0.2579787239357085,0.88005530834198
1613,1881.6399,False,0.6511482566749307,0.893259584903717
1614,1787.4999,False,0.6524442475995045,0.8927685618400574
1615,43.27,False,0.32834709868508666,0.8724324107170105
1616,23.45,False,0.26758511606569246,0.8844690322875977
1617,19.4,False,0.22106412858516794,0.85695481300354
1618,1734.2098,False,0.6477276886287205,0.8933159112930298
1619,1649.9098,False,0.6471648198121212,0.8955390453338623
1620,1619.4498,False,0.6441543448999427,0.8964699506759644
1621,1600.3799,False,0.6403028684629679,0.8968431949615479
1622,12.49,False,0.20269192112760456,0.8064596652984619
1623,1583.2399,False,0.6358290265503365,0.8977409601211548
1624,87.380005,False,0.3466242514203208,0.8809349536895752
1625,18.32,False,0.26057845423123177,0.8456523418426514
1626,29.86,False,0.413309196774176,0.9127132296562195
1627,18.03,True,0.31142328133760655,0.9459667801856995
1628,1486.7198,False,0.641577809116837,0.8991156220436096
1629,1459.5199,False,0.6388443268327967,0.8990508913993835
1630,18.07,False,0.26283784126825294,0.9167108535766602
1631,1410.3398,False,0.6452530185328267,0.8989794850349426
1632,1369.1399,False,0.6463736038418797,0.8988847136497498
1633,1310.5999,False,0.6501439171029014,0.9011788964271545
1634,1264.8799,False,0.645187660304852,0.9033902287483215
1635,1226.6699,False,0.6407126012559489,0.9036733508110046
1636,11.96,False,0.2765012672707732,0.8852248191833496
1637,1202.9299,False,0.62821599626235,0.9046396613121033
1638,820.83997,False,0.649625521571291,0.9197769165039062
1639,129.44,False,0.5450592591156433,0.9106881022453308
1640,100.33,False,0.5516801410075471,0.9092108011245728
1641,72.77,False,0.5704722970349064,0.9082566499710083
1642,7.17,False,0.36064475710822025,0.9227392673492432
1643,46.6,False,0.5517795784655983,0.9369428157806396
1644,6.03,False,0.3816555849672901,0.8796854615211487
1645,38.21,False,0.43799522904781696,0.9473451375961304
1646,37.51,True,0.3898535118337216,0.947971761226654
1647,23.23,False,0.32957155725293535,0.9165943264961243
1648,23.119999,True,0.258230590375142,0.9166005849838257
1649,9.94,False,0.2800317276962507,0.8474444150924683
1650,8.9,False,0.2528494717091265,0.9432568550109863
1651,11.38,False,0.328068643574742,0.9322687983512878
1652,12.83,False,0.340531514626748,0.9039261937141418
1653,691.17,False,0.6225465905979525,0.9219542145729065
1654,255.11002,False,0.5960152619703863,0.9254963994026184
1655,15.73,False,0.311440294534858,0.8656607270240784
1656,238.09001,False,0.5722736180513047,0.930618941783905
1657,202.31001,False,0.5545695864988834,0.9363457560539246
1658,176.76001,False,0.5097974099092993,0.9441341757774353
1659,83.630005,False,0.4586539760740346,0.96490079164505
1660,69.100006,True,0.34316711192573945,0.9576682448387146
1661,22.95,False,0.4170442189894365,0.9369268417358398
1662,11.8,False,0.3379309447001761,0.9325897693634033
1663,7.12,False,0.35279922436215366,0.9643008708953857
1664,20.04,False,0.44412259047912384,0.8959336280822754
1665,11.22,False,0.33976196058639674,0.8764530420303345
1666,4.65,False,0.3963916131549538,0.9297021627426147
1667,92.82,False,0.46372519503158066,0.9282085299491882
1668,86.72,True,0.3862980282089212,0.9301031827926636
1669,29.62,False,0.503204681888897,0.9168185591697693
1670,4.28,False,0.32559584566362204,0.933501660823822
1671,19.25,False,0.3975460115795152,0.9204483032226562
1672,16.48,True,0.24522430910059761,0.9205716252326965
1673,37.16,False,0.4772351942354549,0.9176044464111328
1674,7.56,False,0.32126519645438445,0.850269615650177
1675,18.01,False,0.3405063614470997,0.9522939920425415
1676,15.4,True,0.2241319321778451,0.9557755589485168
1677,13.17,False,0.29452919825372637,0.8665384650230408
1678,24.82,False,0.2982506228529033,0.9107584953308105
1679,402.64996,False,0.5077868347045769,0.9228787422180176
1680,18.71,False,0.29357128071625144,0.9174460768699646
1681,381.87997,False,0.4597613339955969,0.9233046770095825
1682,378.05,True,0.4292344273225559,0.9242297410964966
1683,342.68,False,0.4204343722106579,0.9250044822692871
1684,13.71,False,0.4521888320488365,0.959757387638092
1685,317.83,False,0.3454576177799308,0.9248853921890259
1686,317.16998,True,0.29460819419597495,0.925202488899231
1687,34.129997,False,0.30590827705936646,0.9314019083976746
1688,32.7,False,0.283244315084577,0.828967273235321
1689,28.92,False,0.2838714325802689,0.8605330586433411
1690,102.03,False,0.4928848986479176,0.9304630756378174
1691,87.71,False,0.42915517946682513,0.9344512224197388
1692,24.34,False,0.37745392834314384,0.924964427947998
1693,3.57,False,0.4054168686936807,0.9195390343666077
1694,10.36,False,0.33587882532980956,0.9197641015052795
1695,9.7,False,0.3869388694161859,0.8231191635131836
1696,354.45,False,0.5022393381250146,0.8742634057998657
1697,193.04,False,0.48851608932326396,0.8835330605506897
1698,37.39,False,0.4378088095602638,0.9342336654663086
1699,3.77,False,0.33568295261700987,0.9381318092346191
1700,31.64,False,0.37256573938667314,0.9332480430603027
1701,29.9,True,0.2993378909562004,0.9345212578773499
1702,24.18,False,0.34956539693079386,0.9149740934371948
1703,155.26,False,0.43596857669620975,0.8719795942306519
1704,40.01,False,0.3556751114856754,0.8176095485687256
1705,89.38,False,0.4030892832557064,0.881951630115509
1706,48.379997,False,0.345808331232432,0.8540486097335815
1707,16.56,False,0.2620937902777842,0.8672548532485962
1708,26.31,False,0.2896576020958408,0.8433197736740112
1709,31.880001,False,0.3342925658147914,0.9242396950721741
1710,21.66,True,0.21017398003465643,0.9525617957115173
1711,10.02,False,0.2890041659267411,0.9275722503662109
1712,152.49,False,0.3117932969401503,0.8607809543609619
1713,143.16,True,0.23675172062768368,0.8627418875694275
1714,21.94,False,0.2502552270462294,0.9221888780593872
1715,37.37,False,0.35892940506915194,0.9003744721412659
1716,12.81,True,0.23547488346346165,0.8719632029533386
1717,28.509998,False,0.2696669460434875,0.8407033085823059
1718,27.189999,False,0.3097395096310145,0.8647520542144775
1719,7.48,False,0.24114011337959593,0.8413950204849243
1720,19.46,False,0.2602169028365738,0.8734850287437439
1721,37.87,False,0.3050097098519825,0.9090545177459717
1722,24.19,False,0.277965284039453,0.8995566964149475
1723,15.55,False,0.3376430816666833,0.8627700209617615
1724,1.74,False,0.42829093934907053,0.9046228528022766
1725,79.439995,False,0.4025264865692405,0.8554777503013611
1726,46.909996,False,0.41036826163385554,0.8540791273117065
1727,20.88,False,0.3455478805558677,0.8624383807182312
1728,17.99,False,0.3137116507133537,0.8483404517173767
1729,9.43,False,0.3357041146842369,0.880971372127533
1730,81.93,False,0.30598430165290114,0.9052496552467346
1731,25.78,False,0.29285452263723477,0.9197192788124084
1732,40.78,False,0.22127430254227906,0.9062061905860901
1733,31.21,False,0.34883504237191443,0.9356521964073181
1734,14.41,False,0.25381047026177006,0.9279381036758423
1735,17.53,False,0.23765291918132433,0.9253108501434326
1736,28.93,False,0.27695592483104947,0.9188143610954285
1737,23.0,False,0.24906011219585772,0.9243453145027161
1738,333.15,False,0.39225826192863666,0.9357749819755554
1739,327.13,True,0.365546656160464,0.9369511008262634
1740,11.96,False,0.19686743010885305,0.8570622801780701
1741,291.78,False,0.3821451473288223,0.9355775117874146
1742,191.36,False,0.34947472686076875,0.9583314657211304
1743,167.44,False,0.2914078302981884,0.9668400883674622
1744,128.09,False,0.22684340219542168,0.9755244851112366
1745,124.979996,True,0.18835281207313836,0.9766587615013123
1746,64.11,False,0.32645274732122487,0.9576538801193237
1747,32.7,False,0.23167327777242666,0.9359990358352661
1748,22.55,False,0.25090374917540387,1.014658808708191
1749,18.25,True,0.14950963732785952,1.0491480827331543
1750,24.23,False,0.2241578773758043,0.9501709342002869
1751,12.51,False,0.2476876989786609,0.9277291297912598
1752,98.759995,False,0.2658553256264965,0.8943575024604797
1753,26.02,False,0.18201925771892913,0.8831980228424072
1754,16.17,False,0.21406626444721044,0.952908456325531
1755,15.82,True,0.14866208979729048,0.9526749849319458
1756,5.03,False,0.18494386776965474,0.8865790367126465
1757,10.21,False,0.21584465012635973,0.9229196310043335
1758,24.12,False,0.21980496984551642,0.9624311327934265
1759,18.13,False,0.2062439909346234,0.8833801746368408
1760,448.16,False,0.293397112236422,0.9142508506774902
1761,432.65,True,0.24214350870299578,0.9175297021865845
1762,8.66,False,0.1863891437505056,0.8544751405715942
1763,49.77,False,0.1925223424660437,0.8850346803665161
1764,48.34,True,0.14238632629010675,0.88683021068573
1765,95.23,False,0.3552751490572894,0.972466766834259
1766,94.75,True,0.32887374787490875,0.9734116792678833
1767,90.23,False,0.32924217952444135,0.972720742225647
1768,88.020004,True,0.279990068017015,0.9766544699668884
1769,67.01,False,0.35466498103295296,0.9820711016654968
1770,53.11,True,0.17300512786460664,1.0038713216781616
1771,34.55,False,0.20577791139401358,0.9957644939422607
1772,34.1,True,0.1719589876833077,0.9971197247505188
1773,30.41,False,0.17363146310639044,0.9887469410896301
1774,30.31,True,0.1444115222780171,0.9861579537391663
1775,108.0,False,0.3391501867485088,0.9227786064147949
1776,53.519997,False,0.2222985850369134,0.9195401668548584
1777,38.969997,False,0.17219395039871893,0.9354624152183533
1778,11.83,False,0.19602360112178854,0.8806020617485046
1779,36.33,False,0.2103221566891477,0.9576306939125061
1780,36.22,True,0.18500776537848806,0.9576932787895203
1781,26.460001,False,0.20523412400270757,0.9397362470626831
1782,23.27,True,0.13224830931597428,0.9364780783653259
1783,57.92,False,0.21004517759564872,0.8674447536468506
1784,18.34,False,0.14223030944787377,0.8788361549377441
1785,6.91,False,0.1996187569707422,0.8460093140602112
1786,105.89,False,0.29255510475630014,0.8980288505554199
1787,24.63,False,0.17217572827973937,0.8410167694091797
1788,52.21,False,0.26235610024627937,0.9401112794876099
1789,5651.87,False,0.7520303228037863,0.954818844795227
1790,5628.02,False,0.7443966396755519,0.9554941058158875
1791,5258.93,False,0.7028478357496963,0.9625696539878845
1792,120.310005,False,0.18143108082607995,0.8688306212425232
1793,5127.62,False,0.6855157520966377,0.9651737213134766
1794,4966.64,False,0.6519412692669068,0.9693689346313477
1795,4728.81,False,0.6073211363928391,0.9748684763908386
1796,4676.86,False,0.5900646077298561,0.9767618179321289
1797,442.32,False,0.49926213071395253,0.9227824211120605
1798,40.850002,False,0.2256693968652962,0.8815577030181885
1799,391.78,False,0.4644866070460626,0.9287035465240479
1800,336.2,False,0.46026122315682966,0.9279794096946716
1801,290.76,False,0.4440410021712286,0.934044599533081
1802,171.68,False,0.48974166407595743,0.9133589267730713
1803,147.73999,False,0.477051683332319,0.9066868424415588
1804,45.57,False,0.3481309155887899,0.8885793685913086
1805,32.489998,True,0.20924783510542166,0.8872892260551453
1806,24.73,False,0.27142598600374773,0.865645170211792
1807,102.06,False,0.4643332437709661,0.9149301648139954
1808,90.65,False,0.4454368431684276,0.9193527102470398
1809,56.920002,False,0.4392679369212672,0.9366017580032349
1810,48.600002,True,0.33282862200525587,0.9455729126930237
1811,41.54,False,0.3802130183709921,0.9412970542907715
1812,30.98,True,0.2574746211125778,0.9569864273071289
1813,20.7,False,0.23659476844722918,0.9602718949317932
1814,20.6,True,0.2047212805426685,0.9558700323104858
1815,14.280001,False,0.2105261857775507,0.9290866255760193
1816,13.64,True,0.14435477157248888,0.9306669235229492
1817,33.59,False,0.17225841399908504,0.8902467489242554
1818,5.06,False,0.16001309425000454,0.8715713620185852
1819,23.01,False,0.1655948328654702,0.9559551477432251
1820,103.91,False,0.3209309197804796,0.9706583619117737
1821,51.14,True,0.08648596171087257,1.0789134502410889
1822,32.2,False,0.21632026314744987,0.8916498422622681
1823,26.65,False,0.19747901128374795,0.9116281867027283
1824,4156.92,False,0.45806094991272595,0.9855114817619324
1825,17.15,False,0.17061613693280167,0.849999189376831
1826,4126.87,False,0.4294116165630133,0.9861812591552734
1827,4107.95,True,0.4055227181616158,0.9865357875823975
1828,16.62,False,0.281216250268172,0.7768650650978088
1829,4024.87,False,0.3816363659291625,0.9879758358001709
1830,4019.06,True,0.3636221538009057,0.9881245493888855
1831,21.230001,False,0.3164420987014179,0.9045877456665039
1832,21.130001,True,0.2528059954815633,0.9039891958236694
1833,12.14,False,0.3190380058772923,0.8144209384918213
1834,3903.9001,False,0.4205091510885393,0.9886395335197449
1835,3887.58,True,0.3963924193425721,0.9888707399368286
1836,2705.6902,False,0.11786621055945701,1.0033106803894043
1837,2687.2202,False,0.08404134807231373,1.0049409866333008
1838,2683.7703,False,0.06889560465418287,1.006137728691101
1839,20.16,False,0.17497529978216408,0.8801538944244385
1840,2646.2002,False,0.024803598870818427,1.0087239742279053
1841,2640.1,True,0.013315329577130244,1.0109421014785767
1842,18.91,False,0.2514546770780446,0.8983803987503052
1843,3.93,False,0.2933965269657256,0.9417920112609863
1844,12.6,False,0.21388221801584015,0.8790861368179321
1845,964.98,False,0.15115448977559184,0.9672072529792786
1846,955.76996,True,0.13100656396298713,0.9683737754821777
1847,35.18,False,0.12682530952380064,0.8964361548423767
1848,9.6,False,0.09910990558542289,0.8758559823036194
1849,14.68,False,0.1172916920981892,0.9370107650756836
1850,9.92,False,0.06486221497878333,0.8654649257659912
1851,457.18,False,0.17289149902163922,0.9706366658210754
1852,456.84,True,0.15604443965108383,0.9707709550857544
1853,32.06,False,0.13597866309990675,0.9144402146339417
1854,30.380001,True,0.09419140331127833,0.9138858318328857
1855,17.26,False,0.10086006251243781,0.8751009702682495
1856,419.68,False,0.1386800536592689,0.9753677248954773
1857,419.46,True,0.12295089470091018,0.9754393696784973
1858,11.38,False,0.18370116974986894,0.9648889899253845
1859,273.28,False,0.13015057274045327,0.9767778515815735
1860,273.18,True,0.10961334198274936,0.976944625377655
1861,120.78999,False,0.12716469818046905,0.992509663105011
1862,119.2,True,0.09713873755063725,0.9933995008468628
1863,24.23,False,0.16262557858893967,0.9114505052566528
1864,137.13,False,0.08136934641729297,0.9648525714874268
1865,133.17,True,0.055774455104334715,0.9670783877372742
1866,16.75,False,0.06338071959674768,0.9153949618339539
1867,42.190002,False,0.08343382059078762,0.970768928527832
1868,325.99997,False,0.11482604050930244,0.9746885299682617
1869,305.18997,True,0.05952635599866754,0.9754724502563477
1870,203.15997,False,0.07367330318650916,0.9781165719032288
1871,193.47998,True,0.039824333590132495,0.9835781455039978
1872,7.23,False,0.1351037921357201,0.958304762840271
1873,6.95,False,0.09828579062392596,0.8881349563598633
1874,25.07,False,0.15230701919850315,0.9814975261688232
1875,16.68,False,0.05756425209827819,0.8614917993545532
1876,3.64,False,0.11112192678350308,0.9535101652145386
1877,15.84,False,0.049945140036593054,0.9694733619689941
1878,14.97,True,0.025054764539228013,0.9771303534507751
1879,9.37,False,0.09074622172489642,0.8877526521682739
1880,36.309998,False,0.13438148632887637,0.9824990034103394
1881,19.509998,True,0.06888674734906784,0.9720717668533325
1882,8.4,False,0.09073631484399544,0.9454975724220276
1883,30.72,False,0.1361712079734848,0.9180448651313782
1884,76.9,False,0.06584331146824034,0.9409461617469788
1885,88.22,False,0.16263812880681164,0.9237155914306641
1886,71.68,False,0.1430785307384083,0.920127809047699
1887,22.720001,False,0.0916160751684162,0.8967342972755432
1888,24.859999,False,0.16913881993305738,0.9618430137634277
1889,0.85,False,0.13771763678354657,0.9124836921691895
1890,20.07,False,0.06393640615409243,0.9312694072723389
1891,2.01,False,0.28440410575570096,0.8791444301605225
1892,16.09,False,0.28308951715593433,0.8946483731269836
1893,12.7,False,0.2857560997710221,0.9318107962608337
1894,44.65,False,0.32722139362781294,0.8908130526542664
1895,11.15,False,0.21794292839574564,0.8434838652610779
1896,25.43,False,0.282506421024641,0.9261980056762695
1897,1058.13,False,0.5486621068538737,0.9734558463096619
1898,16.88,False,0.19510730679870972,0.8328810930252075
1899,1028.25,False,0.518654971212572,0.9767723679542542
1900,918.19995,False,0.46167748916996926,0.9853197932243347
1901,149.15,False,0.2830814497118289,0.9133055806159973
1902,82.04,True,0.17161124175038758,0.9428122043609619
1903,66.64,False,0.19182863981848372,0.9436629414558411
1904,29.58,False,0.10717879521647797,0.9430325031280518
1905,20.98,False,0.10458124920687065,0.965424120426178
1906,20.34,True,0.07568145340283791,0.9677494168281555
1907,747.29,False,0.3764026079118125,1.0003290176391602
1908,656.32996,False,0.3467135418519583,1.0045673847198486
1909,303.34998,False,0.35832069129659716,1.0228161811828613
1910,222.29,False,0.259202637117566,1.0425413846969604
1911,181.70999,True,0.07685049825240546,1.0556284189224243
1912,84.45,False,0.18891001639165378,1.0467599630355835
1913,83.509995,True,0.14036763847539271,1.0478099584579468
1914,73.53999,False,0.16419738614909687,1.0558210611343384
1915,62.629997,True,0.053138205029192295,1.087170124053955
1916,44.67,False,0.14210968431654464,0.9637923240661621
1917,336.36002,False,0.1261909333374254,0.9948515295982361
1918,335.93002,True,0.1171217937401894,0.994917631149292
1919,264.96002,False,0.17808543859218434,0.9890868663787842
1920,264.86002,True,0.16935629312603379,0.9887934327125549
1921,246.24002,False,0.17198305187010382,0.9851544499397278
1922,246.14001,True,0.15780214698195533,0.9849756360054016
1923,196.29001,False,0.17750383837281883,0.9882829189300537
1924,195.44,True,0.15994139179192385,0.988411009311676
1925,139.95,False,0.2153040648828969,0.9855970740318298
1926,119.99999,True,0.1446612123022548,0.9864028692245483
1927,54.699997,False,0.10540702575251722,1.0014487504959106
1928,54.26,True,0.08470162414789223,1.0020005702972412
1929,35.3,False,0.13687205211693215,0.9986239671707153
1930,21.72,False,0.14796433914375928,0.90452641248703
1931,17.48,False,0.1260307972878061,0.96738201379776
1932,14.81,False,0.177300488303218,0.9594948887825012
1933,28.46,False,0.23317840947515167,0.9682429432868958
1934,8.41,False,0.15369017599717907,0.9459545016288757
1935,17.4,True,0.11295986279686075,0.975972592830658
1936,70.08,False,0.20440455309519615,0.9943995475769043
1937,61.04,True,0.09634306503241402,1.0047441720962524
1938,15.68,False,0.16378469236890955,1.0122272968292236
1939,15.58,True,0.13398851426142086,1.0075665712356567
1940,99.08,False,0.2968690402641024,0.9134554862976074
1941,70.72,False,0.24479515875851263,0.9265881180763245
1942,24.03,False,0.1804499584709657,0.8816801905632019
1943,26.84,False,0.16414797425672153,0.9308053851127625
1944,15.74,False,0.19283179846329657,0.859703779220581
1945,5.87,False,0.18030826980355708,0.8158036470413208
1946,21.09,False,0.1597998440281372,0.8096572756767273
1947,34.379997,False,0.2073060113877969,0.9482473731040955
1948,38.07,False,0.19906543614153704,0.8707834482192993
1949,38.239998,False,0.32694905078404285,0.9535847306251526
1950,0.36,False,0.21913094268821648,0.8193352222442627
1951,34.03,False,0.2778437495224091,0.9685330390930176
1952,7.95,False,0.2618208872400041,0.81950843334198
1953,224.85,False,0.44415239385064065,0.8594028353691101
1954,70.020004,False,0.340167692310318,0.814143180847168
1955,15.42,False,0.2324046909041403,0.7883105278015137
1956,53.72,False,0.29162160112750046,0.8213669657707214
1957,31.93,True,0.1604142617763483,0.8280918598175049
1958,143.45001,False,0.44688204693929195,0.8829637169837952
1959,91.840004,False,0.4700499526206589,0.8602280616760254
1960,36.440002,False,0.38232721347529347,0.8852399587631226
1961,22.35,True,0.23031930990141267,0.9419339895248413
1962,12.47,False,0.3010171022882873,0.9159156084060669
1963,52.29,False,0.4123578368616195,0.8414643406867981
1964,16.45,False,0.288299110084319,0.8136171102523804
1965,9.1,False,0.38923665296716575,0.8918503522872925
1966,19.29,False,0.28479719759367633,0.8527261018753052
1967,122.61,False,0.3819551133602301,0.8266404867172241
1968,4.08,False,0.2588072310119152,0.8272169828414917
1969,116.61,False,0.3289806074351743,0.8270286917686462
1970,34.92,False,0.19600979544351452,0.8060782551765442
1971,75.37,False,0.2995586687915653,0.8372482061386108
1972,39.510002,False,0.19054770864100384,0.8291566371917725
1973,22.84,False,0.3667336788347761,0.8707699775695801
1974,11.95,True,0.1780186544174847,0.9458730816841125
1975,355.41003,False,0.6140243849886579,0.8516128659248352
1976,308.18002,False,0.6077263884422591,0.8600602149963379
1977,9.58,False,0.23084134989686453,0.813205897808075
1978,297.01,False,0.5704298909250801,0.8618091344833374
1979,72.79,False,0.36614350619540326,0.8512450456619263
1980,40.260002,False,0.2932362172415642,0.8469990491867065
1981,14.61,True,0.1701313822429115,0.8902263045310974
1982,31.52,False,0.2542623785667107,0.8553252816200256
1983,206.9,False,0.5802547956548143,0.8595914244651794
1984,176.76999,False,0.5331978499480513,0.8653042316436768
1985,74.99,False,0.34109650683810094,0.8362005352973938
1986,48.76,True,0.14204969492962188,0.8330480456352234
1987,34.96,False,0.12277852740020032,0.7979155778884888
1988,83.0,False,0.5750677275858664,0.9122666120529175
1989,59.909996,False,0.5248508990394551,0.9402626156806946
1990,36.699997,True,0.27835490470403423,0.9755657315254211
1991,20.47,False,0.2934231801904966,0.9581316113471985
1992,19.98,True,0.21278045628863756,0.9616344571113586
1993,11.21,False,0.2185195162459909,0.890625
1994,22.86,False,0.31935370689145487,0.8393506407737732
1995,13.13,False,0.24176679917908414,0.7942225337028503
1996,18.93,False,0.2557379078134198,0.791905403137207
1997,19.44,False,0.2284228521527721,0.7705216407775879
1998,29.56,False,0.15590203144752743,0.7957136034965515
1999,27.509998,False,0.2908464585263267,0.8113758563995361
2000,37.14,False,0.22734947068374295,0.9003336429595947
2001,367.15997,False,0.4553817932243158,0.8244209289550781
2002,293.68,False,0.4811623065872209,0.8332549333572388
2003,51.57,False,0.2732336875097805,0.8743563890457153
2004,51.46,True,0.19139287673747737,0.8784230351448059
2005,26.34,False,0.190495067978152,0.8417706489562988
2006,227.41,False,0.46044481273693966,0.8329572677612305
2007,175.90001,False,0.4641798288920977,0.8358293175697327
2008,98.71001,False,0.3982447515307746,0.8521075248718262
2009,38.43,False,0.2784621139180556,0.8200612664222717
2010,33.02,False,0.36005248325101225,0.942453145980835
2011,26.15,True,0.20912140159906736,0.9789182543754578
2012,65.68,False,0.24428244016659056,0.8360602259635925
2013,65.58,True,0.1675436327314823,0.8380871415138245
2014,14.47,False,0.19445927673389993,0.8116308450698853
2015,27.76,False,0.14698782321857348,0.8404062986373901
2016,26.960001,True,0.08888113447299364,0.8467351794242859
2017,18.07,False,0.12061466728223785,0.7373307347297668
2018,3443.5403,False,0.7522574534023694,0.840908944606781
2019,3336.9402,False,0.7527090886026233,0.8404533863067627
2020,3269.6802,False,0.7524159395079307,0.8417550325393677
2021,1813.6102,False,0.7522585969418242,0.8618642687797546
2022,1778.3302,False,0.7429423871483548,0.862776517868042
2023,30.61,False,0.21539659373214248,0.8266263008117676
2024,1704.2902,False,0.7380291244685706,0.8647448420524597
2025,5.17,False,0.4138194697806494,0.7642071843147278
2026,1684.5302,False,0.7286850914247971,0.865777313709259
2027,23.06,False,0.2551400959688434,0.7849962115287781
2028,1646.2701,False,0.7114883701638618,0.8681667447090149
2029,1475.5602,False,0.7028668299977081,0.8706750273704529
2030,64.11,False,0.1806608661076604,0.8359943628311157
2031,1349.7601,False,0.6731787075861793,0.876578152179718
2032,40.69,False,0.1519864091563606,0.7976078391075134
2033,1289.2501,False,0.6371970157050973,0.8803322315216064
2034,1261.8701,True,0.6022262666667416,0.8830104470252991
2035,714.72003,False,0.5713873561890227,0.8716420531272888
2036,677.17004,True,0.5175420628238813,0.8691067695617676
2037,28.6,False,0.22208385263968042,0.803641676902771
2038,13.83,False,0.2081761796990601,0.8044625520706177
2039,23.66,False,0.34350125027050393,0.9647037386894226
2040,19.35,True,0.17315532873256825,0.9984980821609497
2041,13.23,False,0.23953253710431108,0.8550649285316467
2042,515.77,False,0.626630703405315,0.8734377026557922
2043,507.74,True,0.5862747994783409,0.8741542100906372
2044,482.88,False,0.5531271145202701,0.8748345375061035
2045,482.78,True,0.4951135592220493,0.8747535347938538
2046,18.99,False,0.29962420974495724,0.7228145003318787
2047,449.01,False,0.494868982569151,0.8807841539382935
2048,448.07,True,0.43998504854339393,0.8813005089759827
2049,23.17,False,0.20319447098964621,0.856894850730896
2050,411.23,False,0.4457894193487065,0.8844978213310242
2051,306.98,False,0.35006260535593553,0.885732114315033
2052,301.28,True,0.2837881639861862,0.8856725692749023
2053,201.57,False,0.34801090188588063,0.8982567191123962
2054,118.520004,False,0.2844285633414709,0.9204652905464172
2055,18.67,False,0.1613872768229665,0.8550469875335693
2056,57.370003,False,0.285354755945782,0.9571977853775024
2057,42.65,True,0.14589484355492557,0.9671021699905396
2058,12.43,False,0.21125171173106547,0.93974369764328
2059,34.0,False,0.37294345428729214,0.9041919708251953
2060,14.88,True,0.22486099016715963,0.9768602848052979
2061,7.88,False,0.3545614144329331,0.9342761635780334
2062,80.33,False,0.21020917405463355,0.8456287384033203
2063,93.5,False,0.43852036700255265,0.8877986073493958
2064,68.0,True,0.2971620886953931,0.9078598618507385
2065,37.07,False,0.32948204593069946,0.9248480796813965
2066,27.12,True,0.1684342789449525,0.9575538039207458
2067,430.05,False,0.4401864078462522,0.9082032442092896
2068,409.37,True,0.3745378359459023,0.9108510613441467
2069,32.149998,False,0.2049802769234236,0.8071494102478027
2070,320.42,False,0.43237257458901895,0.9048858880996704
2071,179.56001,False,0.39860217506037265,0.91346275806427
2072,127.90001,False,0.2927403943705425,0.9447135925292969
2073,92.700005,True,0.11534491034971642,0.9788309335708618
2074,0.5,False,0.30502986137676746,0.9338948726654053
2075,24.789999,False,0.28503986535471576,0.864284098148346
2076,22.72,True,0.17853251749732324,0.8701782822608948
2077,116.21,False,0.3341845909819744,0.8776753544807434
2078,115.549995,True,0.26458634835160605,0.8779179453849792
2079,20.22,False,0.3117030074015671,0.8617064356803894
2080,39.6,False,0.2658216987752734,0.8793944716453552
2081,44.53,False,0.2256958001212277,0.8573416471481323
2082,103.16,False,0.4188605255722091,0.8753030300140381
2083,85.450005,False,0.33453730532839276,0.8844681978225708
2084,74.270004,True,0.2301875654497577,0.890356183052063
2085,16.46,False,0.29892541049654275,0.8353720903396606
2086,3.96,False,0.18209500455992347,0.8177506327629089
2087,170.34999,False,0.48336865659890066,0.8546774983406067
2088,154.23,True,0.36967734550821185,0.8615472316741943
2089,138.12999,False,0.35999566071000594,0.8617628216743469
2090,137.84,True,0.3075701856076998,0.8632156848907471
2091,14.11,False,0.2110066119164572,0.845056414604187
2092,97.22,False,0.26400053507618815,0.8540140390396118
2093,97.12,True,0.19398797563910639,0.8540706634521484
2094,17.12,False,0.2075898629759717,0.8490040898323059
2095,33.37,False,0.20720270895466764,0.8446090817451477
2096,1407.6099,False,0.6711549481931034,0.8159645795822144
2097,33.46,False,0.1510175016394079,0.8115295171737671
2098,1359.2799,False,0.6752913982563424,0.8174862265586853
2099,167.98,False,0.45839527186501633,0.8387981653213501
2100,21.98,False,0.22816898758376342,0.9013497233390808
2101,129.89,False,0.3910371894007264,0.8371002674102783
2102,119.05,True,0.30990001580800075,0.8461204171180725
2103,19.9,False,0.24717372516083425,0.8269468545913696
2104,47.01,False,0.2658980121924643,0.822250485420227
2105,44.829998,True,0.17786610519205265,0.8284674286842346
2106,22.249998,False,0.15062219950551664,0.8334178924560547
2107,27.670002,False,0.4188946729289919,0.8676773905754089
2108,14.460001,True,0.22459817971374046,0.9220684766769409
2109,8.18,False,0.17085613424749801,0.9258919358253479
2110,7.98,True,0.12698694833436616,0.9083871245384216
2111,0.1,False,0.4742893496641777,3.049739122390747
2112,1180.82,False,0.6861464962574858,0.8157302141189575
2113,0.1,False,0.1757073178264507,2.4780495166778564
2114,1132.44,False,0.6893782246877664,0.8120500445365906
2115,16.04,False,0.15385995057168808,0.823035478591919
2116,1116.2999,False,0.6824095707346531,0.8128474950790405
2117,4.87,False,0.1683979229161819,0.7564653158187866
2118,1103.48,False,0.6717333738905077,0.8144997954368591
2119,663.88,False,0.6200740407793893,0.8317148685455322
2120,656.55,True,0.5892887350826065,0.8338412046432495
2121,54.949997,False,0.29502333256972374,0.8032370805740356
2122,22.18,False,0.19977026432122275,0.8360320925712585
2123,14.99,False,0.264168990512924,0.7574417591094971
2124,554.82,False,0.5443094876268785,0.835104763507843
2125,453.66,False,0.4621358143715376,0.8394094109535217
2126,453.37,True,0.40966756648862823,0.8424162864685059
2127,22.45,False,0.2880415352638734,0.7582566142082214
2128,51.67,False,0.22475141307233465,0.8014437556266785
2129,47.829998,True,0.13852234592791343,0.8113203644752502
2130,233.88,False,0.4828791697250289,0.8650786280632019
2131,233.36,True,0.41527319311849287,0.8664954900741577
2132,17.54,False,0.31380465597947627,0.8524747490882874
2133,144.22,False,0.5713649674144042,0.8900248408317566
2134,101.66,False,0.5338453759775162,0.9162290096282959
2135,71.33,True,0.2764490943985071,0.9433925151824951
2136,55.13,False,0.23389738023195253,0.9523233771324158
2137,54.91,True,0.17607896615469695,0.9547491073608398
2138,10.05,False,0.2902572772310707,0.8784380555152893
2139,38.12,False,0.21258900299980488,0.8353312015533447
2140,38.88,False,0.3156749697024098,0.8216188549995422
2141,43.93,False,0.26752673106614056,0.8191225528717041
2142,25.26,False,0.205706882087211,0.8311628699302673
2143,6.53,False,0.2096294474689205,0.8176233172416687
2144,96.42999,False,0.40944463394437586,0.8313727974891663
2145,93.909996,True,0.32028761543512874,0.8349750638008118
2146,31.189999,False,0.4421476490495309,0.9043864607810974
2147,16.38,True,0.25671823885861567,0.9755862951278687
2148,49.1,False,0.2910294661112286,0.7829495072364807
2149,392.47998,False,0.5492308282746868,0.7902141809463501
2150,33.55,False,0.19228810920206402,0.7316160798072815
2151,347.77,False,0.544116480270532,0.7969973087310791
2152,119.64001,False,0.5594210086953,0.8024758696556091
2153,27.03,False,0.28439851485386275,0.7581523656845093
2154,91.240005,False,0.5142440202330074,0.8153851628303528
2155,60.08,True,0.3882878569706352,0.844622015953064
2156,50.260002,False,0.4273757533166444,0.8398892283439636
2157,31.390001,False,0.2946878196906665,0.8661317229270935
2158,18.33,False,0.3371999246184468,0.7988636493682861
2159,203.51999,False,0.4781068968256887,0.7894614338874817
2160,35.56,False,0.30426516410476395,0.7907623052597046
2161,166.65,False,0.40897922220003413,0.7922790050506592
2162,14.51,False,0.23027102850750175,0.7040597200393677
2163,136.93,False,0.34478388159095896,0.8093079328536987
2164,109.67,True,0.2449310263896929,0.8405464887619019
2165,59.38,False,0.14952101253024605,0.8135276436805725
2166,41.95,False,0.21312906965595557,0.8840852975845337
2167,41.850002,True,0.14423291846603092,0.8866790533065796
2168,3.72,False,0.1911116424333151,0.8027843236923218
2169,61.03,False,0.19697659872250958,0.8073579668998718
2170,17.12,True,0.07892057442685857,0.8450881838798523
2171,98.759995,False,0.20875338659014225,0.888526439666748
2172,93.45,True,0.15638668755642984,0.9004201292991638
2173,62.85,False,0.15022745362396134,0.9207606315612793
2174,58.93,True,0.09433566196451075,0.9306684732437134
2175,41.87,False,0.17580083518535583,0.8318175077438354
2176,469.29004,False,0.2026420748798185,0.8888147473335266
2177,467.32004,True,0.18005641163306593,0.8894392848014832
2178,419.95004,False,0.16230362347693644,0.8908724784851074
2179,419.85004,True,0.14223331360157718,0.8908076286315918
2180,409.18002,False,0.1423306777001934,0.8967279195785522
2181,407.93002,True,0.11607289940945456,0.8996725082397461
2182,371.2,False,0.0815171558407854,0.9034984707832336
2183,370.94,True,0.06392574455831991,0.9044708609580994
2184,22.29,False,0.22086637970686654,0.788026750087738
2185,15.74,True,0.06813433608317748,0.7987040281295776
2186,37.72,False,0.16941153027662675,0.7781723141670227
2187,32.72,True,0.06267152841306561,0.7781466841697693
2188,16.48,False,0.18059193220854292,0.7098327875137329
2189,94.19,False,0.09343826290182668,0.8323901891708374
2190,94.01,True,0.06786749125535503,0.832847535610199
2191,36.38,False,0.2336387536268122,0.8167097568511963
2192,4.59,False,0.16956487063008854,0.8149466514587402
2193,22.630001,False,0.18381346502357326,0.8449297547340393
2194,15.08,True,0.07000269101438394,0.8822758197784424
2195,4.58,False,0.11588970695377954,0.8105461001396179
2196,7.81,False,0.1151627672415706,0.7144343256950378
2197,15.77,False,0.22172292200200375,0.8642817139625549
2198,30.55,False,0.2158832528332469,0.8808751106262207
2199,19.0,True,0.04554160874168079,0.9046383500099182
2200,42.56,False,0.2629819432080237,0.7538427710533142
2201,16.92,False,0.1226535623405182,0.7471857070922852
2202,22.94,False,0.16402924956833842,0.7563484907150269
2203,20.75,True,0.08343588298166316,0.7695299386978149
2204,13.08,False,0.20274963785557518,0.7435274124145508
2205,60.91,False,0.2082746791984637,0.8503362536430359
2206,59.829998,True,0.15346488186939483,0.8541536331176758
2207,39.62,False,0.20985225087047626,0.8339698314666748
2208,33.0,True,0.0912574556884959,0.8410167098045349
2209,23.87,False,0.17126028913741964,0.8251016139984131
2210,16.6,True,0.02634572280019494,0.8345786333084106
2211,1262.97,False,0.6793473718096497,0.8274953365325928
2212,253.03998,False,0.4018742414203964,0.8848029971122742
2213,137.29999,False,0.31261001477457245,0.9335095286369324
2214,121.799995,True,0.20636152574089622,0.9611696004867554
2215,116.829994,False,0.22215047316611927,0.970465898513794
2216,91.78999,False,0.15942110336161855,1.0115461349487305
2217,82.03999,True,0.0817362824394831,1.0501716136932373
2218,15.88,False,0.13008193918975464,0.8971350193023682
2219,13.64,True,0.0560978927609098,0.9211956262588501
2220,105.829994,False,0.38167209365419263,0.8473414182662964
2221,63.719997,False,0.2790082416870436,0.8781110048294067
2222,53.559998,True,0.19042975444345206,0.9032658934593201
2223,38.879997,False,0.20142616410487948,0.8920530676841736
2224,23.31,True,0.10673274689254285,0.9333375692367554
2225,33.899998,False,0.28090258256675743,0.8076243996620178
2226,1004.82,False,0.7183979698677032,0.8154436349868774
2227,64.57,False,0.29936502186105546,0.8007364273071289
2228,22.67,False,0.24025824768097082,0.7927135229110718
2229,22.0,False,0.2680032753857268,0.7863133549690247
2230,932.95,False,0.730894602950487,0.817025899887085
2231,869.01,False,0.7473006564337851,0.8176748752593994
2232,852.09,False,0.7497930026463789,0.8171532154083252
2233,816.47003,False,0.7508797016736833,0.8174799084663391
2234,16.3,False,0.34181526442715254,0.7421080470085144
2235,799.77,False,0.7456600531876657,0.819306492805481
2236,750.43,False,0.735819183252905,0.8242388367652893
2237,738.98,False,0.7207961077127394,0.8261807560920715
2238,165.24,False,0.48376913972786545,0.8392306566238403
2239,164.87001,True,0.4073661294712906,0.8428999781608582
2240,129.13,False,0.4469199417853286,0.8239194750785828
2241,24.2,False,0.227871229048503,0.8019476532936096
2242,72.11,False,0.2927882213717615,0.8597024083137512
2243,69.81,True,0.19263490859423446,0.866113543510437
2244,13.58,False,0.2778928953545654,0.809457004070282
2245,563.81995,False,0.7265003010320399,0.8241311311721802
2246,68.009995,False,0.5561463157157048,0.771250307559967
2247,51.309998,False,0.49677706715883035,0.7625612020492554
2248,8.3,False,0.3379281551259161,0.7409107685089111
2249,37.03,False,0.41283867076240316,0.7703391909599304
2250,9.42,False,0.3672076494975628,0.7481260299682617
2251,11.67,False,0.30882735584773785,0.7806611657142639
2252,11.31,False,0.24946124239051612,0.8362479209899902
2253,10.92,True,0.1493388018601921,0.8441431522369385
2254,486.63998,False,0.7040855014127589,0.8335235714912415
2255,474.9,True,0.6723371118555661,0.8354756236076355
2256,53.02,False,0.4209439409318216,0.8413436412811279
2257,51.32,True,0.3049254881495516,0.8438022136688232
2258,36.57,False,0.4044822088184564,0.8070521950721741
2259,12.72,False,0.27910399011475145,0.8230997323989868
2260,23.66,False,0.26718968305281293,0.7989855408668518
2261,400.13998,False,0.6920764583086367,0.8353105783462524
2262,377.37,False,0.671265556707101,0.8365296721458435
2263,335.8,False,0.6518118642068425,0.8388482332229614
2264,174.06999,False,0.52294976366055,0.8404728174209595
2265,123.619995,False,0.45896914768500674,0.8318328857421875
2266,93.21,False,0.4173348137306444,0.8410196304321289
2267,44.71,False,0.3578176635846144,0.8590614199638367
2268,26.61,False,0.2364943330836004,0.7751216888427734
2269,4.92,False,0.32806083645228173,0.7973219752311707
2270,36.36,False,0.3751157770332058,0.8841708302497864
2271,31.68,True,0.23294432994455333,0.8954199552536011
2272,9.03,False,0.3663316368614731,0.8301517963409424
2273,152.31,False,0.5202162401378485,0.8404425978660583
2274,150.73,True,0.4565557316929229,0.8413119316101074
2275,141.31999,False,0.46926468429141693,0.8400877118110657
2276,134.46999,False,0.36797704883089705,0.8443644642829895
2277,112.08999,True,0.20292088322855278,0.8566591143608093
2278,4.1,False,0.35872075345618215,0.7741137146949768
2279,11.91,False,0.34896583176473067,0.8692629337310791
2280,23.85,False,0.35344000102073775,0.7842928767204285
2281,6.3,False,0.3746410060940356,0.7685486674308777
2282,22.9,False,0.31422660825106447,0.8330062031745911
2283,14.67,False,0.3968734537408678,0.8240834474563599
2284,11.46,True,0.21008201319312328,0.8466166853904724
2285,9.57,False,0.38367606632093476,0.7284547090530396
2286,44.13,False,0.3275288775486357,0.7466689944267273
2287,6.89,False,0.2951078182383745,0.7158505320549011
2288,3.74,False,0.27567966206240396,0.7690470218658447
2289,37.589996,False,0.29560299380912597,0.8108710646629333
2290,10.03,False,0.25303145262734655,0.7796868681907654
2291,20.529999,False,0.2033872537952464,0.848336935043335
2292,12.49,True,0.10993156565724627,0.8722561597824097
2293,4.0,False,0.2180814083890049,0.7857808470726013
2294,5.97,False,0.1686061721833371,0.8079999089241028
2295,25.289999,False,0.19943623106384378,0.7267665266990662
2296,9.64,False,0.2850410146207604,0.6770235896110535
2297,0.37,False,0.23415496718541018,0.7213372588157654
2298,102.72,False,0.6062206566211592,0.8219948410987854
2299,15.04,False,0.25022686443547354,0.7455593943595886
2300,84.600006,False,0.533324349578108,0.8407260775566101
2301,74.130005,True,0.40805301590726206,0.8475921750068665
2302,54.88,False,0.5006326394003763,0.8323466181755066
2303,9.25,False,0.2637520026426227,0.7225353717803955
2304,44.88,True,0.38527843801206824,0.8563370108604431
2305,18.240002,False,0.3199264979127262,0.8392565846443176
2306,18.12,True,0.22845443699741247,0.840087354183197
2307,6.78,False,0.3395063171939358,0.7987251877784729
2308,45.67,False,0.5699384260852591,0.788356602191925
2309,1.74,False,0.47202809807181756,0.7796551585197449
2310,11.67,False,0.35238092858168035,0.7797989249229431
2311,31007.91,False,0.7097594856434498,0.8000655174255371
2312,3872.1301,False,0.4800327570608235,0.6986814141273499
2313,564.58997,False,0.2892097389920634,0.7487455010414124
2314,3122.11,False,0.42213297648076287,0.6800589561462402
2315,204.13,False,0.17984616878052323,0.7092550992965698
2316,2781.3901,False,0.3875350447592433,0.6791738867759705
2317,2257.52,False,0.38325420397750554,0.7085973024368286
2318,1680.46,False,0.376839522241273,0.7426121830940247
2319,1245.87,True,0.1789002898910457,0.7367678284645081
2320,98.67999,False,0.14226510360011457,0.7384428381919861
2321,96.34,True,0.1060311133744103,0.7414281964302063
2322,78.39,False,0.0815584792747494,0.7513577938079834
2323,78.01,True,0.0526995185366378,0.7538427114486694
2324,83.35,False,0.11279913351124243,0.7195888757705688
2325,57.649998,True,0.059246862964053106,0.7348617315292358
2326,34.739998,False,0.08831224786463962,0.6990238428115845
2327,809.14,False,0.34068922745801555,0.7546935081481934
2328,589.67004,False,0.3289877414880839,0.7516649961471558
2329,73.97,False,0.21241226567740312,0.7336017489433289
2330,460.16,False,0.22878291162565348,0.7531523108482361
2331,429.33002,False,0.18574044229094447,0.7560784816741943
2332,410.01,True,0.14231252343062714,0.760700523853302
2333,373.86002,False,0.14796481544396106,0.7677265405654907
2334,353.7,True,0.11061104798029998,0.7710921764373779
2335,13.42,False,0.15505273326993751,0.8724811673164368
2336,13.32,True,0.10576194815828456,0.8696921467781067
2337,131.04001,False,0.18855629266499502,0.7439607977867126
2338,78.68,True,0.10816793578560417,0.7521764636039734
2339,57.530003,False,0.12320892357118135,0.7285675406455994
2340,41.64,False,0.08535093328619883,0.7967357635498047
2341,41.54,True,0.06480788923464041,0.7953540682792664
2342,19.31,False,0.11124893862446641,0.7622978091239929
2343,96.21,False,0.19873400981916833,0.7864692211151123
2344,63.91,True,0.07972383130669919,0.7776831388473511
2345,39.93,False,0.0768689651463832,0.70069420337677
2346,171.13,False,0.17092186312663243,0.5847450494766235
2347,400.34,False,0.12632960100572527,0.565986692905426
2348,27130.28,False,0.7109689421319999,0.814524233341217
2349,65.14,False,0.6611785101572775,0.8507139086723328
2350,2.71,False,0.48044116686200133,0.6991099715232849
2351,60.43,False,0.5082310050133564,0.8630474805831909
2352,26758.12,False,0.7128644186278276,0.8139763474464417
2353,26530.92,False,0.7146426870008374,0.8146611452102661
2354,26497.26,False,0.7156495859731663,0.8148947358131409
2355,26459.85,False,0.7160646921081322,0.815031886100769
2356,41.59,False,0.13627082358810844,0.5977645516395569
2357,26377.629,False,0.7175504584559071,0.8157051205635071
2358,26363.37,False,0.7180776275937253,0.8158352375030518
2359,438.46997,False,0.5411870310956352,0.7699536085128784
2360,37.25,False,0.32723862161542144,0.7013214230537415
2361,16.69,False,0.16421589152786656,0.6269810199737549
2362,13.14,False,0.33465762641222485,0.7475472092628479
2363,345.24,False,0.5694714095288324,0.7683470845222473
2364,337.59,False,0.5348834460480377,0.7690404653549194
2365,10.42,False,0.2858247171378236,0.7778522372245789
2366,316.18,False,0.49416634110831353,0.7716430425643921
2367,253.20999,False,0.4253720774637621,0.779816210269928
2368,165.39,False,0.46179335249141545,0.7657804489135742
2369,123.78,False,0.4345033686515502,0.794353187084198
2370,71.399994,False,0.3536159922731538,0.8057812452316284
2371,40.07,False,0.26443819840473903,0.8053371906280518
2372,17.46,False,0.30281608454409187,0.8480764627456665
2373,49.23,False,0.3045961963447079,0.7785220742225647
2374,26.199999,True,0.16074522698836366,0.7831336259841919
2375,16.13,False,0.20273890837571965,0.7457316517829895
2376,17.72,False,0.2892629087786232,0.7093594074249268
2377,25.8,False,0.30806461102319194,0.8417716026306152
2378,60.07,False,0.40579150279008763,0.7404256463050842
2379,34.68,False,0.2957468877025703,0.7920464873313904
2380,22.66,False,0.29134628603929136,0.651406466960907
2381,3.79,False,0.29155349583284196,0.7367168068885803
2382,25907.51,False,0.71854299689854,0.8167619705200195
2383,9.68,False,0.39201024785414684,0.7434592843055725
2384,25896.5,False,0.7189453019114531,0.8169668912887573
2385,328.36002,False,0.3107958041625092,0.7930768132209778
2386,25537.05,False,0.7205411881261896,0.8174928426742554
2387,21820.762,False,0.7131752329759184,0.82684326171875
2388,21806.602,False,0.714564226835172,0.8269766569137573
2389,13484.042,False,0.6496978217156694,0.8390447497367859
2390,13413.462,False,0.6527200067281318,0.8394343852996826
2391,95.729996,False,0.3728982576425101,0.7581998109817505
2392,13279.602,False,0.656343159029997,0.840378999710083
2393,65.1,False,0.4466340894098026,0.7744385004043579
2394,14.38,False,0.3529953791083696,0.7701342105865479
2395,46.48,False,0.39717849169968433,0.7866586446762085
2396,13130.911,False,0.6611002121302862,0.8410983681678772
2397,10824.631,False,0.66272457685939,0.8590130805969238
2398,76.56,False,0.4647790460458835,0.8173807859420776
2399,0.88,False,0.15607210362206084,0.73904949426651
2400,66.47,False,0.37357300229851287,0.8232412338256836
2401,10739.19,False,0.6684791965138869,0.8593701720237732
2402,10730.221,False,0.6732619532556607,0.8596093654632568
2403,10652.11,False,0.679981110749296,0.8597443103790283
2404,10092.301,False,0.6848273414667999,0.8634891510009766
2405,9974.07,False,0.6920200368451443,0.8645167350769043
2406,9958.67,False,0.6983948496811666,0.8647619485855103
2407,9947.92,False,0.7057564987814969,0.8649839758872986
2408,5.48,False,0.2625872491889082,0.8358862996101379
2409,2.65,False,0.20035918035891953,0.8018398284912109
2410,2.72,False,0.2675887310346514,0.8707272410392761
2411,9934.16,False,0.7136725415983594,0.8652868866920471
2412,9866.99,False,0.7222018457913344,0.8657856583595276
2413,4574.32,False,0.6310525514031242,0.8166859149932861
2414,14.0,False,0.4393251154366136,0.7018910646438599
2415,4.92,False,0.2952145234046793,0.6841548681259155
2416,8.98,False,0.39399756005636977,0.7103574872016907
2417,4546.65,False,0.6364554936818659,0.8176881074905396
2418,2895.2197,False,0.6818566808013297,0.8613170981407166
2419,2596.5598,False,0.6945038087721862,0.8766100406646729
2420,6.15,False,0.1821805732839897,0.6888439655303955
2421,2584.5798,False,0.7030191513571038,0.8773080110549927
2422,2567.7598,False,0.711008518483425,0.8780236840248108
2423,28.17,False,0.23413399986287634,0.8704670071601868
2424,2535.3298,False,0.7190472610232941,0.8784512877464294
2425,2510.1199,False,0.7251785021112481,0.8790501952171326
2426,16.24,False,0.2915088321607717,0.8195536136627197
2427,5.38,False,0.21484851372873046,0.8156306743621826
2428,9.83,False,0.20816187974280834,0.8274289965629578
2429,2487.0798,False,0.731007275351174,0.8797498345375061
2430,2472.3098,False,0.7352867603874866,0.8801835775375366
2431,92.079994,False,0.5532521683946273,0.8761013150215149
2432,91.63,True,0.5199575763067082,0.8781635165214539
2433,78.5,False,0.5205131741129904,0.866310179233551
2434,76.88,True,0.4541967209044188,0.8719514012336731
2435,2.76,False,0.33214503989712196,0.7274759411811829
2436,59.01,False,0.5523682326181719,0.8827916383743286
2437,43.739998,True,0.4008948441563094,0.9003446698188782
2438,29.71,False,0.5719868704133755,0.9212777614593506
2439,21.32,True,0.3622462219260577,0.9900926947593689
2440,14.77,False,0.32585103881880034,1.0019214153289795
2441,13.8,True,0.20204273535765857,1.0222004652023315
2442,2379.67,False,0.7370871935113165,0.880574643611908
2443,7.8,False,0.26151287787820665,0.7039666175842285
2444,2337.65,False,0.7400998109059131,0.882056474685669
2445,2301.7898,False,0.743704317563991,0.8849828243255615
2446,2137.5498,False,0.7431230482488709,0.8949615955352783
2447,12.27,False,0.2616486337981014,0.7152342200279236
2448,2118.3298,False,0.7444511216108198,0.8966276049613953
2449,2104.3499,False,0.7430309732144347,0.8985694646835327
2450,2086.44,False,0.7383142764921443,0.900540828704834
2451,2076.01,False,0.730733486900202,0.901797890663147
2452,1947.12,False,0.7169357993132114,0.9096659421920776
2453,1861.98,False,0.7010534777570477,0.9143641591072083
2454,1817.52,False,0.6838358758230757,0.9150975942611694
2455,39.08,False,0.22027465679242778,0.8804425001144409
2456,1767.5801,False,0.6604388745536447,0.9160046577453613
2457,7.78,False,0.2230559759833826,0.8650884032249451
2458,1756.28,False,0.6393573918270579,0.9167660474777222
2459,1742.97,False,0.6155570951291475,0.9167596101760864
2460,326.22998,False,0.3359176188743911,0.9612388014793396
2461,306.74,True,0.2392445242563382,0.9745804071426392
2462,12.24,False,0.25806049714213314,1.001832365989685
2463,11.58,True,0.14200163216164804,1.0150749683380127
2464,147.61,False,0.27370318435838237,1.0002011060714722
2465,146.06,True,0.2038940877280324,1.0041707754135132
2466,81.05,False,0.1516222447341019,1.0572841167449951
2467,80.16,True,0.09469898233549262,1.061091423034668
2468,29.93,False,0.22653063442776303,0.9368681311607361
2469,24.76,True,0.10890208305333413,0.961392879486084
2470,102.14,False,0.19933823310795948,0.9494975805282593
2471,99.85,True,0.1371755598807825,0.9526699185371399
2472,47.92,False,0.26761003795669364,0.9071134924888611
2473,17.57,False,0.15678513050112922,0.8968305587768555
2474,17.71,False,0.23899965801525108,0.8572675585746765
2475,1381.9099,False,0.5961843568199142,0.9070996046066284
2476,1096.6699,False,0.6088955484658243,0.9072338342666626
2477,1065.9199,False,0.5812263998767914,0.9053453207015991
2478,968.07996,False,0.553789864924797,0.9055514931678772
2479,136.38,False,0.28951554893307313,0.9498080611228943
2480,98.11,False,0.17303426101688058,0.9737039804458618
2481,83.92,True,0.07017544697582094,0.993787407875061
2482,7.1,False,0.26858316120706016,0.9620497822761536
2483,0.97,False,0.3115124024284565,0.8627682328224182
2484,8.91,False,0.18162326629965142,0.8425058126449585
2485,795.1,False,0.5726580918436425,0.899543046951294
2486,45.52,False,0.10887772852143149,0.876211941242218
2487,745.87,False,0.5507155306508079,0.9006210565567017
2488,733.0,False,0.5044552951924924,0.9004766345024109
2489,42.89,False,0.142932717066466,0.8496056199073792
2490,657.09,False,0.48017675990899994,0.9035111665725708
2491,510.89,False,0.4681495306757279,0.8890900611877441
2492,430.65002,False,0.47878736972442715,0.882893443107605
2493,56.48,False,0.14176301327458807,0.8514482378959656
2494,373.96002,False,0.47195118334837294,0.8875738978385925
2495,324.89,False,0.45310795274740373,0.8827949166297913
2496,301.79,False,0.42589392391572356,0.8801366686820984
2497,283.37,False,0.3908500849891166,0.877439558506012
2498,192.57,False,0.33661639751936145,0.8810883164405823
2499,118.58,False,0.3197304026563192,0.8728752136230469
2500,25.01,False,0.2533461850352281,0.9052276015281677
2501,13.22,False,0.17842706881732345,0.8639202117919922
2502,7.48,False,0.2259605559874596,0.9464449286460876
2503,79.93,False,0.29030851359930415,0.860351026058197
2504,35.350002,False,0.2323235933137198,0.8631359934806824
2505,44.48,False,0.2087802002123896,0.8574103116989136
2506,30.65,False,0.22151957474967718,0.9366817474365234
2507,22.68,True,0.11850205423484803,0.9364804625511169
2508,88.93,False,0.3130014229517409,0.8679872155189514
2509,14.02,False,0.3600153856932756,0.8765998482704163
2510,8.48,False,0.21470417417399124,0.8307855129241943
2511,4.44,False,0.3195039202921337,0.9377318024635315
2512,45.96,False,0.27137214245880725,0.8556373119354248
2513,14.12,False,0.23136933436689,0.8802863955497742
2514,11.57,False,0.21303587178175687,0.7846298217773438
2515,12.09,False,0.16716883526028437,0.8962050676345825
2516,22.83,False,0.17958545061038905,0.9173429608345032
2517,13.34,False,0.18009693674480445,0.8349343538284302
2518,41.55,False,0.1571490605025675,0.8484064340591431
2519,140.52,False,0.24432032075239055,0.9571810960769653
2520,117.04,True,0.11616290230943548,0.9608861207962036
2521,41.86,False,0.18016689611746675,0.9088889956474304
2522,12.72,False,0.24193182324632845,0.9137585163116455
2523,95.759995,False,0.295836073159445,0.9062486290931702
2524,86.17,True,0.17531827991303775,0.9060178995132446
2525,74.15,False,0.23833807904056667,0.9077370166778564
2526,37.11,True,0.10283984060468004,0.9945830702781677
2527,18.12,False,0.1269480594549797,0.9581884741783142
2528,30.6,False,0.19581105782124772,0.9913742542266846
2529,29.59,True,0.11050192285617554,0.9953773021697998
2530,240.76999,False,0.17323180710062352,0.911137044429779
2531,240.23999,True,0.1301942568232131,0.9118725061416626
2532,16.67,False,0.2618033228680667,0.8296506404876709
2533,15.3,False,0.23567372409598275,0.7806061506271362
2534,38.379997,False,0.23842198167453976,0.8999510407447815
2535,9.42,True,0.09467454518648014,1.0199087858200073
2536,56.940002,False,0.36163514113044215,0.8912786245346069
2537,8.9,False,0.1435316554967821,0.8427050113677979
2538,29.390001,False,0.19616343905404143,0.9407310485839844
2539,28.060001,True,0.11156499377840151,0.9461395144462585
2540,13.5,False,0.19667581900599118,0.8589833378791809
2541,10.32,False,0.2927407152912255,0.9927125573158264
2542,9.49,True,0.1580006078106894,1.0114288330078125
2543,20.01,False,0.2249808105103187,0.8247225284576416
2544,55.14,False,0.4269690891924406,0.8370038270950317
2545,31.54,False,0.23757619912153277,0.8802390098571777
2546,30.75,True,0.16799066015476277,0.8865551948547363
2547,7.82,False,0.20863247158730588,0.8035114407539368
2548,6.99,False,0.23801787155917412,0.8792052268981934
2549,17.76,False,0.2958207275328937,0.7904959917068481
2550,128.01999,False,0.42387765555347756,0.7917367219924927
2551,34.739998,False,0.14888432542944294,0.7882124781608582
2552,85.399994,False,0.41505078048454147,0.8003900051116943
2553,34.12,False,0.40074315059664956,0.7530447840690613
2554,9.85,False,0.23928969160484115,0.8283977508544922
2555,19.63,False,0.27319385233768634,0.7068237662315369
2556,19.029999,False,0.3874406153157499,0.7555198669433594
2557,18.39,True,0.25084789982822203,0.7538895010948181
2558,11.46,False,0.34026385495717754,0.7120776772499084
2559,5.17,False,0.3462224574211601,0.7439837455749512
2560,4.43,False,0.2763534735335728,0.7180212140083313
2561,12.98,False,0.2804830156650754,0.6872354745864868
2562,162.06,False,0.5213656821622341,0.7652734518051147
2563,161.11,False,0.4546476294572093,0.7665570974349976
2564,48.339996,False,0.420325134447019,0.7230328321456909
2565,40.6,False,0.2981949431079634,0.7219422459602356
2566,4.55,False,0.42113888996940124,0.7286623120307922
2567,107.01,False,0.24998138508375745,0.7851030230522156
2568,104.97,True,0.17214654489556047,0.7851911187171936
2569,21.55,False,0.21036640947312657,0.6756943464279175
2570,17.84,False,0.2296930649391134,0.760479211807251
2571,10.97,False,0.252244217423576,0.7340769171714783
2572,0.7,False,0.4648475009986558,0.6907221674919128
2573,34.62,False,0.36830403263756667,0.7204598188400269
2574,24.74,False,0.23921453526637312,0.7125688195228577
2575,8.72,False,0.3173774149082861,0.7349709272384644
2576,7.32,False,0.3277352587568967,0.8123443126678467
2577,10.03,False,0.2738654805352982,0.7746815085411072
2578,10.28,False,0.21264798755027112,0.8492624759674072
2579,296.04,False,0.46048324335298885,0.7153356671333313
2580,290.47,False,0.42620791312798784,0.7188698649406433
2581,80.78999,False,0.5229804515311757,0.7846148014068604
2582,65.88,False,0.5030676940098548,0.8099490404129028
2583,47.07,False,0.4236556073134037,0.8222267627716064
2584,42.24,False,0.3511129620182337,0.8304467797279358
2585,38.88,False,0.2526740102109686,0.8367862105369568
2586,37.56,True,0.16440242452120787,0.8401003479957581
2587,13.2,False,0.34360550327214623,0.7737775444984436
2588,1.35,False,0.3108131299858134,0.7937759160995483
2589,4.66,False,0.24088655394353714,0.7788528800010681
2590,17.289999,False,0.39411624161698855,0.7876545786857605
2591,8.5,False,0.2238060051338851,0.819004476070404
2592,6.73,False,0.334621780204605,0.7612410187721252
2593,2.3,False,0.2671481738746576,0.7207567691802979
2594,199.8,False,0.32790614074693963,0.6912462115287781
2595,196.69,False,0.2832273481193607,0.6941025257110596
2596,90.66,False,0.21633804255740244,0.6728370189666748
2597,76.19,False,0.1764158152464497,0.6676821112632751
2598,32.96,False,0.17474283316097844,0.7638884782791138
2599,35.46,False,0.03403797808535103,0.5623446106910706
2600,23.359999,False,0.008245990154308474,0.5647295713424683
2601,3.88,False,0.07305032812875635,0.5438222885131836
2602,0.85,False,0.023778371121600906,0.6135246157646179
2603,2.93,False,0.055419636597630315,0.5066641569137573
2604,6.62,False,0.08675719098718797,0.6470933556556702
2605,82.89,False,0.23955241411027706,0.713620662689209
2606,10.14,False,0.09741619255599007,0.616429328918457
2607,69.13,False,0.18396632331458526,0.725955069065094
2608,17.39,False,0.11952130555992332,0.6888613700866699
2609,32.46,False,0.12119295933021412,0.747438371181488
2610,12.82,False,0.22287917640367574,0.6310023665428162
2611,3.95,False,0.25945436929716637,0.7191019058227539
2612,5.73,False,0.04024776682871578,0.5336947441101074
2613,2.64,False,0.17812916782431915,0.6609922051429749
2614,2.59,False,0.16242390486161143,0.6582388281822205
2615,1586.3,False,0.30230449324541686,0.6971439123153687
2616,12.54,False,0.19538711445785265,0.695633053779602
2617,1538.8,False,0.27800035717133054,0.694725751876831
2618,1494.3201,False,0.27465653690378666,0.6994448304176331
2619,1410.4901,False,0.2666145882624104,0.7058310508728027
2620,1349.1001,False,0.22537313947933266,0.7064722776412964
2621,14.25,False,0.13196921387020447,0.6686977744102478
2622,1303.7101,False,0.19048954115625658,0.7060595750808716
2623,114.62,False,0.26540224988554534,0.6901577115058899
2624,18.18,False,0.08433580274367919,0.7033195495605469
2625,14.35,False,0.13057024699330017,0.5381366014480591
2626,74.04,False,0.16726181744718718,0.7314611673355103
2627,1181.5701,False,0.14535022384957041,0.7108399271965027
2628,462.5,False,0.020673445922770397,0.7065578103065491
2629,101.92,False,-0.010456430778806933,0.6715633869171143
2630,200.18,False,-0.012471113866098622,0.6525618433952332
2631,693.07,False,0.1663777836931894,0.71561199426651
2632,592.38,True,0.12306072134219993,0.7292211651802063
2633,46.0,False,0.33610031324480555,0.7306670546531677
2634,536.0,False,0.07415149110107436,0.7385501861572266
2635,527.71,True,0.06129604074703246,0.7460644245147705
2636,390.98,False,0.17043429862044804,0.7223230004310608
2637,207.91,False,-0.0007432866663937669,0.7248581051826477
2638,179.2,True,-0.00909347880568663,0.7246930003166199
2639,90.22,False,-0.004253050125696571,0.6953743696212769
2640,73.58,False,0.05395353098411881,0.8100636005401611
2641,32.49,True,-0.018382222910435918,0.8742539882659912
2642,81.62,False,0.06087027468972468,0.8356747627258301
2643,55.86,False,0.32430940594564833,0.7421590685844421
2644,81.98,False,0.105081973588318,0.6158672571182251
2645,43.41,False,0.12242876212926365,0.5954404473304749
2646,36.3,True,0.0774824828781095,0.590380847454071
2647,27.159998,False,0.08426837223888269,0.5423679947853088
2648,6.89,False,0.18336247212747112,0.6445567607879639
2649,0.22,False,0.20392806127772292,0.6126819252967834
2650,5186.4897,False,0.7769608111525605,0.903712809085846
2651,56.43,False,0.27588322292430306,0.7820963859558105
2652,29.380001,True,0.17589403049377267,0.7985702753067017
2653,8.2,False,0.20863381889004623,0.835191547870636
2654,5126.5596,False,0.7856637431703538,0.9050241112709045
2655,5.54,False,0.1559869922397898,0.6388306617736816
2656,5098.26,False,0.7901814886584132,0.9054827690124512
2657,5030.63,False,0.7935350387305411,0.9066058993339539
2658,4993.02,False,0.7976015248582224,0.9068355560302734
2659,4980.82,False,0.8009422892274443,0.9069821238517761
2660,4962.88,False,0.8031040414790632,0.9073538184165955
2661,4913.9,False,0.8045629458075705,0.9080467820167542
2662,11.52,False,0.17938987560849698,0.8131874799728394
2663,4899.44,False,0.8053109855564773,0.9084210991859436
2664,4842.65,False,0.8042081327844831,0.9089979529380798
2665,4823.76,False,0.8027605286595626,0.9095277190208435
2666,1085.93,False,0.7419637819742478,0.8684461116790771
2667,1002.38,False,0.7081758024855964,0.8720008730888367
2668,970.49,True,0.668154427407219,0.8722038865089417
2669,789.42,False,0.7229199613254452,0.8704320788383484
2670,72.95,False,0.5155827576615405,0.8272925019264221
2671,19.22,False,0.3354155111822241,0.8009286522865295
2672,51.350002,False,0.4734847079961701,0.8393213152885437
2673,6.33,False,0.3631299141450339,0.8514235615730286
2674,41.010002,False,0.39219098051606127,0.8345632553100586
2675,20.09,False,0.30099698742714215,0.9030485153198242
2676,3.61,False,0.3757367590638398,0.8353530764579773
2677,715.76,False,0.6786616660744078,0.8752958178520203
2678,684.49,False,0.64061524939247,0.8776829838752747
2679,402.94998,False,0.6065391369777532,0.8749421238899231
2680,3.13,False,0.44453511322763506,0.8957549929618835
2681,366.11,False,0.5782652388567707,0.8753576278686523
2682,317.34998,False,0.5279402632564697,0.873352587223053
2683,256.46,False,0.47377834282793707,0.8726574778556824
2684,223.77,False,0.4432851838793995,0.8767586946487427
2685,115.55,False,0.3889288758774884,0.853560209274292
2686,71.770004,False,0.3457040990009383,0.8623902201652527
2687,18.33,False,0.255898510340933,0.8178077936172485
2688,49.7,False,0.25558656151051473,0.8749972581863403
2689,20.36,False,0.27586884958381014,0.8313390016555786
2690,82.59,False,0.3524862616454813,0.9195805788040161
2691,17.24,False,0.22402524759936734,0.9448727369308472
2692,16.1,False,0.34568321980623345,0.9338734149932861
2693,13.52,True,0.19377497533085788,0.9519967436790466
2694,7.96,False,0.25957217922379056,0.8325395584106445
2695,56.43,False,0.32069465251106827,0.8764116168022156
2696,51.03,True,0.21301464459158365,0.8802361488342285
2697,29.93,False,0.2408145131512018,0.8509760499000549
2698,29.78,False,0.4213588602048942,0.9304912090301514
2699,26.02,True,0.27219539243758545,0.9340013265609741
2700,11.46,False,0.3404667252495076,0.8965398073196411
2701,259.98,False,0.4933136625722391,0.8812708258628845
2702,236.40001,False,0.38841608352409085,0.8919733166694641
2703,224.70001,True,0.29629772780108443,0.8920554518699646
2704,19.48,False,0.2904022231040092,0.8865065574645996
2705,18.56,True,0.1871506165978275,0.8913996815681458
2706,27.37,False,0.3359278624924241,0.7939634919166565
2707,106.93001,False,0.32868113646558944,0.8588904738426208
2708,34.95,True,0.16803520911690933,0.8774727582931519
2709,0.71,False,0.29180463077018665,0.8732433915138245
2710,9.51,False,0.39785534913055576,0.8850866556167603
2711,22.72,False,0.36502513772772155,0.7810688018798828
2712,29.4,False,0.3677059514690675,0.8347014784812927
2713,148.41,False,0.5580118224703727,0.88251131772995
2714,121.369995,False,0.4609297983941797,0.893831729888916
2715,116.96,True,0.3808553274361973,0.8978335857391357
2716,82.33,False,0.4507679379168533,0.9056276679039001
2717,45.11,False,0.4181587131873987,0.9272977113723755
2718,6.0,False,0.3621829620882581,0.921170175075531
2719,13.26,False,0.3324720097548259,1.0423626899719238
2720,11.58,True,0.20583059349611113,1.0562312602996826
2721,5.05,False,0.35972811036458713,0.822215735912323
2722,17.17,False,0.20695746654652367,0.781569242477417
2723,17.54,False,0.2069900501080529,0.8038117289543152
2724,34.62,False,0.3616829986991482,0.8872622847557068
2725,14.48,True,0.16968135132059287,1.045312762260437
2726,3716.6099,False,0.7884669480006945,0.9218682050704956
2727,12.22,False,0.20799937285136902,0.7788926362991333
2728,3701.66,False,0.7874127297338804,0.9225336909294128
2729,3622.5,False,0.7853382500130566,0.9233138561248779
2730,36.670002,False,0.37464989301739055,0.8376425504684448
2731,35.34,True,0.25923633951725555,0.8399036526679993
2732,17.37,False,0.28786593767517626,0.7603579759597778
2733,3566.14,False,0.7799686065960814,0.9250091314315796
2734,3539.8298,False,0.7731386644327227,0.9258568286895752
2735,3444.91,False,0.7648815242205119,0.9269201755523682
2736,3410.3499,False,0.7547254964854817,0.9282299876213074
2737,3335.13,False,0.7432411673101528,0.9290760159492493
2738,3290.45,False,0.7289555513504488,0.9289299845695496
2739,3233.8398,False,0.7124828020505992,0.9289796948432922
2740,3209.3298,False,0.6982960752001454,0.9293292760848999
2741,771.38,False,0.6243985946094651,0.936880886554718
2742,723.44,False,0.583262176612309,0.9394668936729431
2743,683.93,False,0.5395343600516921,0.941048800945282
2744,655.72,False,0.5007316224829186,0.9445989727973938
2745,636.14996,False,0.4570798841893771,0.9468730092048645
2746,520.42,False,0.3957041769701194,0.9419111609458923
2747,75.54001,False,0.3253341439072362,0.9255589246749878
2748,49.280003,False,0.21957242076050368,0.9447895288467407
2749,19.79,False,0.2864426510062913,0.8978478908538818
2750,11.32,True,0.11170183457929622,0.9444035887718201
2751,443.00998,False,0.34334126012580296,0.9449257254600525
2752,136.95,False,0.43822301475404457,0.9247710704803467
2753,97.35999,False,0.32555544373240913,0.9332141876220703
2754,93.59,True,0.25341390206939074,0.9372937679290771
2755,70.89,False,0.2453935984932714,0.9187682867050171
2756,68.03,True,0.17818855905026482,0.9227849841117859
2757,51.23,False,0.19385197488117084,0.9246668815612793
2758,31.3,True,0.08392200677592174,0.9264552593231201
2759,16.92,False,0.22072344213226353,0.8423340320587158
2760,295.49,False,0.2348542147694624,0.953382670879364
2761,283.22,True,0.18233145479142904,0.9532747864723206
2762,50.14,False,0.22248674249457792,0.8984374403953552
2763,21.76,False,0.19394356223148493,0.9302446246147156
2764,28.13,False,0.14650697070612556,0.8735703229904175
2765,52.899998,False,0.2138416007831289,0.9096122980117798
2766,84.14,False,0.4269909892325462,0.9350196719169617
2767,65.71,False,0.3058882842191035,0.9587171077728271
2768,61.08,True,0.21473936924007866,0.9643390774726868
2769,44.86,False,0.19514954969149453,0.9854199886322021
2770,42.72,True,0.1301115093353677,0.9879369735717773
2771,18.38,False,0.14871819290336125,0.9593296051025391
2772,4.23,False,0.2393085253092128,0.8813221454620361
2773,62.31,False,0.2230519510950265,0.9408849477767944
2774,15.91,False,0.27615708875121275,0.8749622106552124
2775,3.26,False,0.2648680316123695,0.829725980758667
2776,13.1,False,0.37459438614296925,0.8552961945533752
2777,29.9,False,0.3429671420085915,0.8549181222915649
2778,2426.8098,False,0.6947589327953962,0.9267976880073547
2779,2166.92,False,0.7018089724221387,0.9216215014457703
2780,2053.23,False,0.6920671404813694,0.9212227463722229
2781,81.69,False,0.3017395975193632,0.8865337371826172
2782,46.79,False,0.21992878959446954,0.8889232873916626
2783,27.89,False,0.20136991548958108,0.8907982707023621
2784,1948.2301,False,0.6744199571523586,0.9223565459251404
2785,1857.0901,False,0.6536491497586645,0.9228540062904358
2786,1804.4901,False,0.6285745664159487,0.9245076179504395
2787,1773.4901,False,0.606785342959417,0.9246121048927307
2788,1666.5201,False,0.5951405529936998,0.9238448739051819
2789,1568.8501,False,0.5858080154995235,0.9256680011749268
2790,1416.8501,False,0.566919276685347,0.927569568157196
2791,1357.9801,False,0.5442552882212268,0.9297441244125366
2792,1274.43,False,0.5252807840223479,0.9323434829711914
2793,1141.03,False,0.47531424855693644,0.9330337643623352
2794,882.66003,False,0.5309334723714657,0.9371284246444702
2795,876.87006,True,0.5058915306210295,0.9375017285346985
2796,836.03,False,0.4958473320208372,0.9363393783569336
2797,830.75,True,0.46840225330730256,0.9362610578536987
2798,15.83,False,0.14273922769643366,0.822841465473175
2799,216.95001,False,0.377488875062724,0.9018706679344177
2800,70.13,False,0.26996133259068167,0.8386732339859009
2801,145.82,False,0.1343844532702708,0.9321506023406982
2802,126.520004,True,0.06782124798395432,0.9272606372833252
2803,6.34,False,0.11367785153221481,0.8227223753929138
2804,57.19,False,0.11656036357666918,0.8802178502082825
2805,581.52997,False,0.5045684942761334,0.9532611966133118
2806,557.11,False,0.4629999570833765,0.9534053206443787
2807,23.19,False,0.36628545024954595,0.888457179069519
2808,530.55,False,0.4102092369496534,0.956906795501709
2809,500.35,False,0.34669197099049814,0.9575046300888062
2810,499.33002,True,0.3326803214345594,0.9576879739761353
2811,481.75003,False,0.2957896223350583,0.9584978818893433
2812,480.91003,True,0.27948785389825737,0.9588364958763123
2813,446.60004,False,0.25207857564530384,0.9575183987617493
2814,446.41003,True,0.22772294067422033,0.9579328894615173
2815,369.77002,False,0.2662222774889539,0.9445366859436035
2816,369.67,True,0.2441123772070096,0.94459468126297
2817,28.37,False,0.18905907214311454,0.7950698733329773
2818,329.32,False,0.18834313816304352,0.9541263580322266
2819,327.01,True,0.16312106660383133,0.9542800188064575
2820,94.53,False,0.2167969045159883,0.960162341594696
2821,94.43,True,0.18177698104093323,0.9607195854187012
2822,81.56,False,0.1717848484357835,0.9615274667739868
2823,81.46,True,0.12388465670407385,0.9614489674568176
2824,60.789997,False,0.13399704396050016,0.9764664769172668
2825,27.57,False,0.2182897005800219,0.913449764251709
2826,176.86,False,0.15240443786200372,0.9526010751724243
2827,171.65,True,0.10000060689365593,0.9573507905006409
2828,6.23,False,0.3187178626921561,0.9325651526451111
2829,78.24,False,0.15796893258059272,0.9366151094436646
2830,70.86,True,0.0944482406781923,0.9354450702667236
2831,28.01,False,0.1293234759503829,0.910660445690155
2832,26.54,True,0.08077298716946942,0.9146707057952881
2833,15.94,False,0.13139987874151368,0.8798490762710571
2834,11.33,False,0.257786056783547,0.9612706303596497
2835,8.2,False,0.188531242925062,0.8307631015777588
2836,25.45,False,0.24726061459137308,0.9604080319404602
2837,15.55,True,0.09427940461077475,0.9784143567085266
2838,21.65,False,0.3070587342086527,0.9630915522575378
2839,256.72,False,0.17655226223443815,0.9196103811264038
2840,253.95,True,0.1468950581773718,0.9203493595123291
2841,75.619995,False,0.14102180895507554,0.8524537682533264
2842,27.83,False,0.16359378879205586,0.9346797466278076
2843,96.16,False,0.3336887382671698,0.9410997033119202
2844,62.230003,False,0.2154984004264588,0.9569682478904724
2845,59.600002,True,0.15488404897632488,0.9628572463989258
2846,30.470001,False,0.18064550865847104,0.9827368855476379
2847,30.37,True,0.1317138221677599,0.9838532209396362
2848,24.140001,False,0.1440255303852869,0.9734218120574951
2849,14.93,False,0.17430394221561782,0.9344756603240967
2850,101.42,False,0.146501972175863,0.9146472811698914
2851,25.249998,False,0.10383280580889816,0.9460297226905823
2852,36.98,False,0.10896538780672137,0.8597171306610107
2853,41.61,False,0.22143093747019693,0.89055335521698
2854,32.16,True,0.13288599053893124,0.895106852054596
2855,25.96,False,0.14767417215999284,0.8784637451171875
2856,53.88,False,0.15951874847421996,0.8801723122596741
2857,31.32,False,0.18569225382299073,0.8237206935882568
2858,78.77,False,0.43484206900854233,0.945967435836792
2859,56.889996,True,0.1673723403079078,0.9854084253311157
2860,52.749996,False,0.15460910322579563,0.9923708438873291
2861,49.379997,True,0.07741227188856062,0.9996840953826904
2862,15.4,False,0.17441896559646233,0.9842300415039062
2863,11.92,True,0.07657659828281932,0.9988297820091248
2864,87.369995,False,0.25647036256915934,0.8973050713539124
2865,80.17999,True,0.16497948090578143,0.8930715322494507
2866,16.73,False,0.21540858739779145,0.8386769890785217
2867,40.079998,False,0.19958440573731892,0.8516034483909607
2868,105.590004,False,0.2832589594659335,0.9377261996269226
2869,16.73,False,0.2001076558570159,0.8338107466697693
2870,72.380005,False,0.2052424702426341,0.9606876969337463
2871,44.920002,True,0.09856283355301612,1.0097154378890991
2872,14.68,False,0.15052953860492066,0.863433301448822
2873,49.4,False,0.15725204549877772,0.8639039397239685
2874,52.73,False,0.14729614568316543,0.853680431842804
2875,108.23999,False,0.31608288591306316,0.9269726276397705
2876,91.71999,True,0.20397733098861004,0.9440426826477051
2877,67.909996,False,0.21824250843919452,0.9293246865272522
2878,257.37,False,0.38291006214264955,0.9741286635398865
2879,58.590004,False,0.294027439330141,0.919670820236206
2880,33.99,True,0.12264847433554539,0.9804025292396545
2881,195.34999,False,0.2419728453429377,0.991736114025116
2882,193.12999,True,0.19129237245923708,0.9929976463317871
2883,13.45,False,0.378655396209378,0.9864705204963684
2884,12.19,True,0.2237438670705639,1.0032858848571777
2885,34.76,False,0.3285148821569495,0.9486135244369507
2886,34.66,True,0.26765096468033583,0.946181058883667
2887,10.86,False,0.3204860483015221,0.8067845702171326
2888,6.5,False,0.41712094037783065,0.9110828042030334
2889,6.25,False,0.28149319300733094,0.9089552760124207
2890,0.15,True,0.4500008231868469,0.8693512678146362
2891,41.41,False,0.2713586374285066,0.9364731907844543
2892,38.4,True,0.16063657590557998,0.9460479617118835
2893,28.51,False,0.21175604331187078,0.9200744032859802
2894,14.01,False,0.27530207703333076,0.9179329872131348
2895,34.960003,False,0.4712285793205379,0.9185672402381897
2896,9.56,False,0.3573164618865134,0.9191104173660278
2897,22.560001,False,0.4108052601412625,0.9177470803260803
2898,1.29,False,0.4678075558383192,0.872896134853363
2899,4.93,False,0.4572444782345934,0.8638715744018555
2900,7.11,False,0.35114756084553267,0.8070687055587769
2901,37.879997,False,0.43840405035052415,0.8356602191925049
2902,35.989998,True,0.3179700691050746,0.8361908793449402
2903,7.24,False,0.2329932119754415,0.7947146892547607
2904,24.43,False,0.28620116035541876,0.7684034705162048
2905,88.560005,False,0.40676894273085845,0.895209789276123
2906,10.4,False,0.3609625701867017,0.8581323027610779
2907,62.120003,False,0.262434150473722,0.9313411712646484
2908,57.550003,True,0.15946058544358974,0.934817373752594
2909,3.45,False,0.37791624245263644,0.8071607351303101
2910,6.52,False,0.23979753153417568,0.822797954082489
2911,6.51,False,0.2904332538652588,0.8307915329933167
2912,13.7,False,0.2285960112345678,0.7841174602508545
2913,77.32,False,0.3484497523130096,0.8937973380088806
2914,76.17,True,0.285281969052637,0.8970794677734375
2915,10.5,False,0.19770067000149683,0.8081943392753601
2916,41.960003,False,0.25170945549518625,0.9219314455986023
2917,41.83,True,0.17603036271805414,0.9236205816268921
2918,10.92,False,0.24175040654236904,0.7889889478683472
2919,14.6,False,0.2296676556404278,0.7802821397781372
2920,47.25,False,0.47959234574875004,0.8683323264122009
2921,27.07,False,0.3584393856732217,0.8732067942619324
2922,19.13,True,0.17164372188944788,0.8930603861808777
2923,11.5,False,0.3499477875153381,0.8739134073257446
2924,42.800003,False,0.25746809007392873,0.8463390469551086
2925,31.12,True,0.12134630256388179,0.8699794411659241
2926,8.74,False,0.2816486188309299,0.8370645642280579
2927,5.82,False,0.22474079991486304,0.9066195487976074
2928,27.33,False,0.21237427903422218,0.8921481370925903
2929,51.51,False,0.48777273785364067,0.8242949843406677
2930,45.48,True,0.37240615102142005,0.8367213606834412
2931,25.99,False,0.4139775012833806,0.8271716833114624
2932,13.41,False,0.2593320042871968,0.8602827191352844
2933,12.15,False,0.33223339168710164,0.791653573513031
2934,26.119999,False,0.3420307861968658,0.7331161499023438
2935,12.91,False,0.18335292788977103,0.7250560522079468
2936,6.82,False,0.07337866321438385,0.6821846961975098
2937,6.17,False,0.49794160250533975,0.8467137217521667
2938,7.57,False,0.17157624222299755,0.7241460680961609
2939,115.49,False,0.24167462509451057,0.7405582666397095
2940,533.89,False,0.6008637307763698,0.7790171504020691
2941,504.91,False,0.607272166106441,0.7795721292495728
2942,502.62,False,0.5990614412497018,0.7801223993301392
2943,475.77,False,0.598377807334906,0.784907877445221
2944,450.63998,False,0.5925955603385695,0.7821289300918579
2945,329.99,False,0.6294026371200331,0.786998450756073
2946,316.99,False,0.6242834656211416,0.7856293320655823
2947,307.37,False,0.6060457794091625,0.7858607769012451
2948,264.72,False,0.6137247966263701,0.8032045364379883
2949,217.34999,False,0.6466213633099523,0.8153014779090881
2950,39.35,False,0.3337250830454969,0.7372649908065796
2951,16.11,False,0.2830171735942795,0.8034543395042419
2952,8.01,False,0.42976513993011484,0.7978655099868774
2953,166.98,False,0.6473790319546581,0.8378584384918213
2954,1.57,False,0.22001472251101106,0.7093915343284607
2955,154.92,False,0.6238006005732265,0.841618001461029
2956,141.09,True,0.570162157428638,0.8444642424583435
2957,28.87,False,0.3800175851323275,0.8389834761619568
2958,93.27,False,0.565662799060024,0.8387049436569214
2959,85.89,False,0.5134512283119587,0.8443384766578674
2960,84.97,True,0.44718744113043946,0.84635329246521
2961,10.15,False,0.2803938023106559,0.8014159798622131
2962,61.64,False,0.5395939300640618,0.8241271376609802
2963,50.01,False,0.5033880774938612,0.8301379680633545
2964,39.46,False,0.4235866956299778,0.8331237435340881
2965,17.57,False,0.22982797265618934,0.906693160533905
2966,17.0,True,0.14746521601511708,0.9166659712791443
2967,18.84,False,0.2526066566339333,0.7756797075271606
2968,8.71,False,0.3375186840238338,0.8318618535995483
2969,7.07,False,0.21263692040633933,0.8188709616661072
2970,6.24,False,0.25805907995015565,0.7837136387825012
2971,22.5,False,0.2274788394066244,0.7009679675102234
2972,37.32,False,0.14391574242730806,0.6448289752006531
2973,3.49,False,0.43029054322474736,0.7847350835800171
2974,12.19,False,0.3423094440225891,0.8516952991485596
2975,114.759995,False,0.3705747769658894,0.7627202868461609
2976,34.34,False,0.3437870673819909,0.7399218082427979
2977,19.1,False,0.20487129518340388,0.6663294434547424
2978,12.22,False,0.2504107864326196,0.8476676344871521
2979,77.32,False,0.25341113131692616,0.7708893418312073
2980,41.27,False,0.15530999174504767,0.7845334410667419
2981,18.88,False,0.2375780270896064,0.7920284271240234
2982,3.24,False,0.21662396667495062,0.6992295980453491
2983,25.089998,False,0.18523329525290427,0.7076914310455322
2984,1.78,False,0.18865616347715472,0.8329827785491943
2985,15.82,False,0.290422492525385,0.7528221607208252
2986,19.35,False,0.1714944709619329,0.8326001167297363
2987,6.67,False,0.08250859859411377,0.6012228727340698
2988,2305.11,False,0.2059127756106474,0.7183299660682678
2989,2174.03,False,0.17439501222129783,0.7135457992553711
2990,2062.17,False,0.15558072328436046,0.7127453088760376
2991,1906.2499,False,0.1300705842126409,0.7082418203353882
2992,1730.2098,False,0.10325313586499157,0.7022003531455994
2993,1520.7198,False,0.04742565663324869,0.7041686177253723
2994,1513.1099,True,0.04062127482737757,0.7044451832771301
2995,1491.4199,False,0.037367752400829866,0.7108747959136963
2996,1465.48,True,0.030861762076357293,0.71318519115448
2997,247.44998,False,0.03353982587012179,0.6115176677703857
2998,58.71,False,0.00018759936834830595,0.6214579343795776
2999,57.87,False,-0.012324820505067242,0.622031569480896
3000,0.1,False,0.02495265299622836,3.552029609680176
3001,185.23999,False,0.023876089867408665,0.6092559695243835
3002,74.119995,False,0.004243007468304827,0.576863706111908
3003,106.59,False,0.013125220993361242,0.6299683451652527
3004,31.249998,True,-0.0001561085733681826,0.6692095994949341
3005,1048.83,False,0.05518952750371361,0.7303413152694702
3006,18.26,False,-0.010077892547192619,0.7366936802864075
3007,1017.7399,False,0.04456312791801434,0.7318717837333679
3008,982.56995,True,0.0334900134490667,0.7343360185623169
3009,114.71999,False,-0.012179404246972877,0.7073808908462524
3010,217.23999,False,0.010103790990168482,0.7165495753288269
3011,80.649994,True,-0.004571167725423846,0.7698538303375244
3012,529.37,False,0.08907994436654228,0.7423633337020874
3013,92.86,False,-0.006570387384613629,0.6094549298286438
3014,385.66,False,0.09971155485748916,0.7778655886650085
3015,163.42,False,0.16462611967634988,0.8277236819267273
3016,55.940002,False,0.041238776682778165,0.7016305923461914
3017,49.02,True,0.011132015813259524,0.7107078433036804
3018,150.07,False,0.05312647788112294,0.6566718816757202
3019,63.49,False,0.013890860317454911,0.6937496662139893
3020,92.89,False,0.14036397165064043,0.7743868827819824
3021,23.99,False,0.2027088973550621,0.6362926959991455
3022,40.57,False,0.07166206166809354,0.7128849625587463
3023,67.11,False,0.36612186450751494,0.7864742279052734
3024,8322.181,False,0.6948509590528623,0.8070475459098816
3025,8313.421,True,0.6896672957565362,0.8073064088821411
3026,264.29,False,0.013830931921683207,0.7020731568336487
3027,205.56,True,0.006516061679435712,0.7304660677909851
3028,7952.7305,False,0.6950409155470194,0.8103719353675842
3029,108.91,False,0.022955570316309532,0.7531419396400452
3030,7767.8804,False,0.6938928285359424,0.8107292652130127
3031,7740.7,True,0.6910308839101014,0.810844898223877
3032,7331.7603,False,0.6956704128825029,0.8138243556022644
3033,7098.16,False,0.6910354096850285,0.8167908191680908
3034,7095.25,True,0.6869311620284502,0.8169009685516357
3035,6876.26,False,0.699916919461811,0.8200228810310364
3036,6874.46,True,0.6954144089306558,0.8202146291732788
3037,165.45999,False,0.4568767995524697,0.8439812660217285
3038,70.93,False,0.3877586849122996,0.9329614639282227
3039,67.78,True,0.30113770679202256,0.9435878992080688
3040,52.78,False,0.3118495869085286,0.9867937564849854
3041,51.11,True,0.23091901671312035,0.9956620931625366
3042,74.72,False,0.34966981307883116,0.771186351776123
3043,74.62,True,0.2883898413310873,0.7739906907081604
3044,69.22,False,0.27198514463639495,0.7729247212409973
3045,68.47,True,0.20310889650018243,0.7768387198448181
3046,6570.7197,False,0.700019800152289,0.8208878040313721
3047,6498.19,False,0.6937779250494818,0.8214486837387085
3048,64.590004,False,0.35022358262404696,0.8333767652511597
3049,6367.33,False,0.6852219800737114,0.8206383585929871
3050,154.65001,False,0.2229461593883804,0.8273230195045471
3051,6188.18,False,0.6773395708811293,0.8210119605064392
3052,6082.9004,False,0.6679634560892579,0.8219383955001831
3053,5887.3105,False,0.6564031400377192,0.8227607011795044
3054,5555.6104,True,0.6410345413003177,0.8255066275596619
3055,2492.2703,False,0.45424561962730076,0.833410918712616
3056,2459.7202,True,0.41964305148203135,0.8350075483322144
3057,600.15,False,0.25705920921931136,0.8793072700500488
3058,268.39,True,0.13230894162356052,0.9130173921585083
3059,1833.5901,False,0.44015632856078096,0.8268346190452576
3060,535.9,False,0.23256929193633022,0.8230631947517395
3061,148.97,False,0.17977642766205218,0.8021138906478882
3062,290.85,False,0.17135531762800524,0.8532694578170776
3063,1246.8501,False,0.44806614146047163,0.8328909277915955
3064,744.96,False,0.43355802022768086,0.8362314701080322
3065,581.7,True,0.2854436054073884,0.8412131667137146
3066,252.07,False,0.30213852040294126,0.8369271755218506
3067,250.29001,True,0.2394541333206845,0.8373127579689026
3068,154.16,False,0.2512480577092962,0.838567852973938
3069,289.09003,False,0.2395976635931366,0.8152546286582947
3070,220.90001,False,0.1548893965251172,0.8046397566795349
3071,67.86,False,0.23432251139338453,0.8537941575050354
3072,43.54,True,0.10676748593515087,0.8713484406471252
3073,3041.25,False,0.567064388302132,0.8227422833442688
3074,2820.64,False,0.5256232862596039,0.8310079574584961
3075,2802.4,True,0.5133268003630179,0.8320158123970032
3076,2632.5999,False,0.5493156492737638,0.8397162556648254
3077,2588.17,True,0.5261493171600077,0.841312825679779
3078,2379.05,False,0.6279920724426662,0.8530837893486023
3079,912.36005,False,0.5362853604011277,0.8141850829124451
3080,663.94006,False,0.5469744547021916,0.8483636975288391
3081,625.97003,True,0.4599086608138491,0.8564725518226624
3082,588.03,False,0.4868202896062481,0.8533602952957153
3083,576.47003,True,0.4189681712127043,0.8546836376190186
3084,85.07,False,0.23979558180512067,0.8031378984451294
3085,84.55,True,0.18610996599886803,0.8040788173675537
3086,460.68002,False,0.39104170492269946,0.8654032945632935
3087,457.28003,True,0.32555395170629753,0.8666746020317078
3088,362.99002,False,0.2816253277430059,0.8878149390220642
3089,336.73,True,0.17383786518280392,0.9014924764633179
3090,204.06,False,0.08874445579029648,0.7067855596542358
3091,198.31,True,0.06225736624386229,0.7080159783363342
3092,1464.68,False,0.584924516414654,0.8746897578239441
3093,1366.13,False,0.5482100900943471,0.8809210658073425
3094,1033.62,True,0.47393282279802923,0.9099681377410889
3095,1008.80994,False,0.4666386022972577,0.9138818383216858
3096,982.93994,True,0.4042006147011685,0.9168944954872131
3097,503.21,False,0.4844654886918445,0.8423119783401489
3098,503.0,True,0.4623190472470621,0.8428155779838562
3099,97.689995,False,0.31834298819224377,0.8548029661178589
3100,97.53999,True,0.25428478501189994,0.855424165725708
3101,315.37,False,0.45816289597260323,0.8282227516174316
3102,309.32,True,0.41737194254968474,0.8296469449996948
3103,210.84999,False,0.38230185194965866,0.8258258104324341
3104,208.15,True,0.3203815857296591,0.8253909349441528
3105,90.24,False,0.31926254082465283,0.8463375568389893
3106,102.24,False,0.340250685288624,0.7957841753959656
3107,86.79,False,0.32076915491600083,0.7655767798423767
3108,43.75,True,0.2682614996924636,0.8189048767089844
3109,17.45,False,0.3711070270576911,0.7654927372932434
3110,178.54,False,0.17114736226567262,0.6799083948135376
3111,167.23,True,0.12060390069667964,0.6835485696792603
3112,105.25,False,0.14178837064736793,0.6906213164329529
3113,123.88,False,0.17468877549764686,0.7700693011283875
3114,99.33,False,0.25251380146382946,0.766183614730835
3115,66.25,False,0.27843802357116765,0.7771105766296387
3116,115.54,False,0.13690391418731496,0.7469260692596436
3117,160.7,False,0.19120819247925552,0.6848607063293457
3118,160.48999,True,0.16334441675436556,0.6870269179344177
3119,81.11,False,0.15942748510275775,0.6884012222290039
3120,298.38,False,0.2827744346196191,0.7341678142547607
3121,247.64,True,0.22875699503271113,0.7523806095123291
3122,231.37,False,0.22749135969637196,0.752848207950592
3123,155.38,True,0.1038807623627254,0.725368320941925
3124,3.18,False,0.45140014072651213,0.9187382459640503
3125,3688.79,False,0.5640638793296088,0.7602478861808777
3126,156.13,False,0.11771841844162441,0.6343637704849243
3127,3283.4202,False,0.5710445540179705,0.7592748403549194
3128,3041.9302,False,0.5633395863364953,0.7657961845397949
3129,2844.3,True,0.5394720315909151,0.764025092124939
3130,2674.53,False,0.6026916212427074,0.7715182900428772
3131,2055.31,False,0.6264880281665515,0.7789626717567444
3132,632.07996,False,0.30094106601182286,0.7199192047119141
3133,423.61,False,0.2971928684366952,0.7596291303634644
3134,75.67,False,0.20360831087457662,0.722048819065094
3135,64.18,True,0.14889934987597914,0.7378895878791809
3136,43.39,False,0.15402919300608395,0.7452359199523926
3137,42.02,True,0.11665544669739175,0.7511737942695618
3138,171.91,False,0.25826457996805857,0.7872058749198914
3139,81.31,False,0.2081282271060675,0.7358493804931641
3140,1421.74,False,0.6315885432829348,0.8044676780700684
3141,1324.5599,True,0.6104177399384313,0.80910325050354
3142,1250.1699,False,0.6040104949291594,0.8085598349571228
3143,1248.5499,True,0.5928340089018335,0.8092595934867859
3144,1213.5199,False,0.5763133708771863,0.813005805015564
3145,1148.95,False,0.5457664902204162,0.8186528086662292
3146,1040.25,True,0.49011730863960573,0.8281236886978149
3147,132.54999,False,0.1802066096065663,0.8283100724220276
3148,128.01,True,0.12058962261888972,0.8354811668395996
3149,807.16,False,0.5722753380621484,0.8288534283638
3150,762.3,True,0.5377888409946311,0.8320857882499695
3151,475.87997,False,0.41586083020431064,0.8590711951255798
3152,475.77997,True,0.3932158030290063,0.8590823411941528
3153,464.15997,False,0.38270385101911875,0.8650188446044922
3154,463.58997,True,0.3371823319933769,0.8663127422332764
3155,403.72998,False,0.3414623589208563,0.8663952946662903
3156,379.4,True,0.26591287295378707,0.878182590007782
3157,366.99,False,0.25081105171669604,0.8863827586174011
3158,362.66998,True,0.193101049879553,0.8919274806976318
3159,204.11,False,0.20275482427679734,0.9675193428993225
3160,267.94,False,0.35926912407008676,0.7924420833587646
3161,184.20999,False,0.3008869156168132,0.7778128385543823
3162,79.31,True,0.14636481669482412,0.8422351479530334
3163,80.86,False,0.2629128677329497,0.830138623714447
3164,51.49,False,0.27126271771852417,0.7039955854415894
3165,483.81,False,0.38766705155842407,0.7773475050926208
3166,171.34001,False,0.25819920258682844,0.7592452168464661
3167,286.63998,False,0.25225528030644695,0.7929868102073669
3168,265.12,True,0.18265949755605476,0.8012503385543823
3169,222.04001,False,0.1960436363808595,0.8110560178756714
3170,133.78,True,0.0966064550316954,0.8006066083908081
3171,209.54,False,0.21535006543481128,0.6497517824172974
3172,136.87999,True,0.15598368274878324,0.7271723747253418
3173,84.84,False,0.21122921044677026,0.6905099153518677
3174,9.2,False,0.43079160701865543,0.7913296222686768
3175,36.079998,False,0.5570674744018896,0.7812696695327759
3176,4.45,False,0.659541284859583,0.8005983829498291
3177,2.94,False,0.49878891753813087,0.6851872205734253
3178,30.960001,False,0.38051536468796937,0.7125211358070374
3179,175.88,False,0.3544798450963212,0.722365140914917
3180,81.509995,True,0.26824418914428605,0.7137258648872375
3181,52.67,False,0.3545398785950655,0.7039470076560974
3182,24.55,False,0.18769272579050006,0.7337144017219543
3183,24.720001,False,0.2632337942568765,0.6679589748382568
3184,151.47,False,0.49336447149690127,0.7704829573631287
3185,49.23,False,0.42159116499302013,0.6041409373283386
3186,3832.2598,False,0.5466075859252754,0.6144270896911621
3187,3161.43,False,0.4883692638381308,0.5875703692436218
3188,120.729996,False,0.3207799659599137,0.6086440682411194
3189,3011.05,False,0.495397265364984,0.5872648358345032
3190,459.63998,False,0.417165980177777,0.565674364566803
3191,56.100002,False,0.40579794218608145,0.6732967495918274
3192,351.71,False,0.3117058921151563,0.5428987145423889
3193,2535.1,False,0.49299436399881114,0.592871904373169
3194,2369.6902,False,0.4900409344742085,0.5886020660400391
3195,25.06,False,0.3180377990620033,0.6009685397148132
3196,2310.35,False,0.47864482750587417,0.5891533493995667
3197,805.47,False,0.4015688805291434,0.6258108615875244
3198,418.33,False,0.36582956641898146,0.6034238338470459
3199,96.08,False,0.1784302902980057,0.5909476280212402
3200,294.36,False,0.24152081880335075,0.5896391272544861
3201,199.20999,False,0.30514181176547084,0.6028032302856445
3202,1479.5801,False,0.4163344780419321,0.5705184936523438
3203,1213.31,False,0.3624857195788879,0.5616232752799988
3204,874.67004,False,0.2322609589652509,0.5381143689155579
3205,512.39,False,0.10887978884671667,0.5206468105316162
3206,305.07,False,0.10536789632315166,0.5515241622924805
3207,85.24,False,0.3103618955228674,0.5832955241203308
3208,150.58,False,0.29880896280277863,0.5820298790931702
3209,160.66,False,0.3052908254010096,0.6806544065475464
3210,278.51,False,0.22579691954771489,0.645814061164856
3211,35.620003,False,0.4534517058381205,0.6617559194564819
3212,149.91,False,0.3845135183986663,0.6932817697525024
3213,29.76,False,0.4714264293930887,0.6814259886741638
3214,30.8,False,0.40096983268412756,0.6722546815872192
3215,2227.47,False,0.7876246457497963,0.8087124228477478
3216,2076.8,False,0.8062059737840752,0.8164538741111755
3217,2060.28,False,0.819662186924006,0.817363440990448
3218,348.49,False,0.8183906267311487,0.768657922744751
3219,52.780003,False,0.2760239082998543,0.7582718729972839
3220,288.12,False,0.832826359881869,0.770930826663971
3221,61.370003,False,0.5788866374947601,0.7738127708435059
3222,23.119999,False,0.6481392154487496,0.8061648011207581
3223,2.54,False,0.44369919532097307,0.7872422933578491
3224,13.900001,False,0.6701277763225195,0.8056804537773132
3225,0.94,False,0.4996542218804912,0.7629551291465759
3226,7.5600004,False,0.713604914157225,0.7950099110603333
3227,2.0,False,0.46800032797796903,0.7782875895500183
3228,3.42,False,0.6719494279071645,0.7804838418960571
3229,5.97,False,0.3902689334868926,0.7996135354042053
3230,224.72,False,0.8217969863353427,0.7723599672317505
3231,159.84,False,0.7943572973352873,0.7988811731338501
3232,30.130001,False,0.4327308676463081,0.837356686592102
3233,22.69,True,0.16612039950598012,0.8630924224853516
3234,112.6,False,0.7904272266389835,0.796019434928894
3235,16.51,False,0.4157671231097561,0.7550466656684875
3236,81.25,False,0.7512905550078373,0.8056841492652893
3237,76.06,False,0.6887245404865906,0.805080235004425
3238,62.469997,False,0.6285130140001876,0.7960836291313171
3239,1.82,False,0.4378929612621288,0.8081969022750854
3240,47.879997,False,0.5370524671217841,0.7932247519493103
3241,24.31,False,0.4124689341980618,0.8028334379196167
3242,19.75,False,0.42321538633172734,0.777928352355957
3243,10.16,False,0.4090379041548567,0.8595991134643555
3244,1.39,False,0.44564530183654094,0.7896161079406738
3245,63.579998,False,0.4915724512834867,0.7073607444763184
3246,1653.62,False,0.8134190124560443,0.831124484539032
3247,58.28,False,0.47751408895182645,0.7673239707946777
3248,1.73,False,0.33713227588910394,0.7327352166175842
3249,30.72,False,0.4360611438088498,0.8225311040878296
3250,5.76,False,0.3940985190462957,0.7934138178825378
3251,3.4,False,0.47607674042954645,0.8028314113616943
3252,1573.62,False,0.8252075549778015,0.834091305732727
3253,1508.76,False,0.8414320707714678,0.8382487893104553
3254,34.46,False,0.33627889308055015,0.740035891532898
3255,9.67,False,0.33857473110160496,0.7915061116218567
3256,4.36,False,0.29788717837219464,0.6899731755256653
3257,1437.04,False,0.8545090017658484,0.8424608111381531
3258,1327.7001,False,0.8696237142731111,0.8440483808517456
3259,44.77,False,0.4727791420528456,0.7955596446990967
3260,1267.16,False,0.8793125006430057,0.8468139171600342
3261,1233.53,False,0.8858062117774782,0.8477550148963928
3262,1175.8,False,0.8918553494456907,0.8499225378036499
3263,23.16,False,0.5770282939939338,0.880855143070221
3264,11.5,True,0.22661384518024522,0.9327509999275208
3265,1089.36,False,0.8957946673627792,0.8470273017883301
3266,1075.26,False,0.8967606187023903,0.8467596769332886
3267,1028.77,False,0.8969073372499304,0.8449755311012268
3268,185.11,False,0.6672871688776616,0.8156026601791382
3269,98.43,False,0.576730557864941,0.8163201212882996
3270,56.33,False,0.5669276960153955,0.8085307478904724
3271,28.02,False,0.4922208733653084,0.8137339353561401
3272,4.78,False,0.4918059357584697,0.8014422059059143
3273,8.45,False,0.4277390020108185,0.7867307662963867
3274,7.98,False,0.41433261622767537,0.8069506287574768
3275,10.07,False,0.4870872490992148,0.767533004283905
3276,63.239998,False,0.6215165564907957,0.799315333366394
3277,49.73,False,0.5358688225916034,0.8023741841316223
3278,18.44,False,0.4548958029693922,0.7917952537536621
3279,27.8,False,0.37953119318103606,0.8104618787765503
3280,5.09,False,0.46053649884173514,0.780699610710144
3281,837.27,False,0.8987025508011559,0.8510765433311462
3282,822.43,False,0.8964933850078455,0.8515647053718567
3283,803.72,False,0.8874239643646129,0.8525800108909607
3284,664.93994,False,0.8826570264779068,0.8516044020652771
3285,648.00995,False,0.8664400740340306,0.8530135750770569
3286,432.97995,False,0.8502009745844267,0.8531986474990845
3287,18.26,False,0.4852609958941718,0.813443660736084
3288,410.37994,False,0.8202435632010959,0.8546854853630066
3289,364.88995,False,0.7953553107225727,0.8511280417442322
3290,312.33997,False,0.7659789440220481,0.8525711297988892
3291,149.82999,False,0.6854272102866675,0.8383325338363647
3292,148.93,True,0.5978174740934853,0.8377017974853516
3293,28.0,False,0.5511423583725215,0.8368555307388306
3294,3.82,False,0.36753868186060656,0.8017621040344238
3295,17.390001,False,0.506053007071087,0.8411023020744324
3296,11.17,False,0.34420133641213785,0.8607944846153259
3297,4.28,False,0.49702651070448084,0.7986754179000854
3298,109.95,False,0.7215842383235049,0.8313013911247253
3299,68.27,False,0.6027986410785667,0.8210704326629639
3300,40.12,False,0.4583979621849696,0.8378655910491943
3301,26.369999,False,0.4669238301873982,0.7898120284080505
3302,14.49,False,0.35751701397880314,0.7671867609024048
3303,6.45,False,0.37257146476974373,0.7700172662734985
3304,41.329998,False,0.6373464516185171,0.8482195734977722
3305,40.57,True,0.4892987049475165,0.8484592437744141
3306,31.7,False,0.3999986601981984,0.820551872253418
3307,144.89,False,0.7560813562791407,0.8590291142463684
3308,96.51,False,0.7363532066589286,0.862137496471405
3309,61.45,False,0.7633318356072213,0.8579686880111694
3310,4.04,False,0.3405693876641313,0.8195491433143616
3311,54.29,False,0.7065768337433591,0.8627028465270996
3312,26.86,False,0.41696747076978685,0.8590382933616638
3313,23.11,False,0.5900811260997922,0.8710250854492188
3314,13.26,True,0.25705223189297843,0.8837515115737915
3315,25.87,False,0.2832817781560053,0.8768407106399536
3316,24.980001,True,0.16787319198057535,0.8786174654960632
3317,46.23,False,0.5304250765522074,0.8522523045539856
3318,1.98,False,0.446417933639192,0.831065833568573
3319,43.07,False,0.4238630480943928,0.8529078960418701
3320,39.79,True,0.282198745712272,0.8550553321838379
3321,21.43,False,0.4495431173859859,0.8162230253219604
3322,41.47,False,0.5862948711507445,0.8283870816230774
3323,13.27,False,0.5130852500146185,0.8140466809272766
3324,19.6,False,0.4772551674807535,0.8222529888153076
3325,16.99,False,0.5012569161837994,0.8355169892311096
3326,214.87,False,0.793357146278551,0.8516657948493958
3327,154.23999,False,0.7775724657490909,0.8503226637840271
3328,136.73999,False,0.7252916879061009,0.847636878490448
3329,17.23,False,0.5488374612262467,0.8166443109512329
3330,105.48999,False,0.6714855641948619,0.8538652658462524
3331,61.229996,False,0.649269753638868,0.8487215638160706
3332,17.71,False,0.5824233748205819,0.8448444604873657
3333,16.17,False,0.5915428621860462,0.8563584685325623
3334,12.8,False,0.41758680019704686,0.8710991144180298
3335,7.75,False,0.4048302311771399,0.8753150105476379
3336,33.129997,False,0.3175744836331293,0.8779104351997375
3337,32.37,True,0.21866605037142697,0.8785378932952881
3338,6.43,False,0.32473901340181516,0.8076991438865662
3339,11.13,False,0.41143126031603094,0.8376566171646118
3340,15.0,False,0.3976227337629905,0.7767811417579651
3341,134.69,False,0.6445027354585074,0.8540159463882446
3342,11.67,False,0.44772890567313717,0.8124188780784607
3343,83.72,False,0.5841930424156545,0.8580803275108337
3344,69.31,False,0.46400565794983084,0.8606407046318054
3345,59.76,True,0.3045669739690416,0.8567304015159607
3346,6.06,False,0.41918769860294103,0.8099813461303711
3347,32.76,False,0.3917696315739261,0.8265473246574402
3348,9.6,False,0.4908852772884492,0.8413355350494385
3349,18.58,False,0.5602954990970661,0.7905491590499878
3350,13.06,False,0.5644428532120104,0.7993727922439575
3351,26.22,False,0.5296147516772145,0.8879684209823608
3352,13.84,False,0.4627734232377859,0.8421648144721985
3353,43.8,False,0.47921484323813535,0.7862994074821472
3354,32.739998,False,0.5066659476154596,0.7998003363609314
3355,87.8,False,0.3579220198207302,0.8191489577293396
3356,21.71,False,0.49029161270515437,0.7235424518585205
3357,12.3,False,0.33922956496574563,0.629128634929657
3358,138.44,False,0.6151405485041845,0.6858159303665161
3359,43.4,False,0.6424049401283737,0.7081173658370972
3360,21.1,False,0.5355643217337597,0.6918438673019409
3361,21.53,False,0.48639322550603814,0.7302977442741394
3362,51.920002,False,0.4304688774730472,0.6900870203971863
3363,11.51,False,0.6874759043631287,0.7674553990364075
3364,458.21,False,0.2527579824988986,0.5602459907531738
3365,8.86,False,0.48371634124492824,0.5439836382865906
3366,149.01001,False,0.5916719403036436,0.6796609163284302
3367,115.94,False,0.5303075076580971,0.6567615270614624
3368,6.02,False,0.11783178890552704,0.5369793772697449
3369,98.83,False,0.49113962365747127,0.6751528978347778
3370,2.64,False,0.15397694898803355,0.6544768810272217
3371,91.31,False,0.4932247198152225,0.6787417531013489
3372,89.36,False,0.5348818411416921,0.6829336881637573
3373,4.28,False,0.49951612609476026,0.5781652927398682
3374,72.89,False,0.5512103876677951,0.6937639713287354
3375,16.92,False,0.48904036468172146,0.6903802752494812
3376,55.629997,False,0.5849193721905822,0.6982056498527527
3377,12.95,False,0.4548065158460272,0.7475299835205078
3378,42.579998,False,0.5825913828874859,0.6849604845046997
3379,21.84,False,0.4986956043785485,0.6868067383766174
3380,8.91,False,0.5551372236201703,0.6827142238616943
3381,1.2,False,0.37665404786219653,0.5582244992256165
3382,1.72,False,0.38436745551215945,0.6323636770248413
3383,6.7,False,0.17978634815361566,0.6558859348297119
3384,14.78,False,0.1722520685918044,0.6167080998420715
3385,27.86,False,0.44304885155742413,0.6430343389511108
3386,71.95,False,0.27068345710215164,0.886064350605011
3387,387.35004,False,0.7425027465419268,0.7762462496757507
3388,336.80002,False,0.7227302874174677,0.7782192230224609
3389,299.08002,False,0.687968331577352,0.778791606426239
3390,57.96,False,0.3692616502759666,0.8217723369598389
3391,206.92001,False,0.6848034053237791,0.7738094925880432
3392,1.3,False,0.5368597992080216,0.6821202039718628
3393,189.82,False,0.6751255640544128,0.7630926370620728
3394,165.43001,False,0.6202264151874602,0.7633967399597168
3395,36.37,False,0.6320911410149761,0.836044430732727
3396,13.1,False,0.5846489625301915,0.8029379844665527
3397,5.35,False,0.500118717887481,0.7899088263511658
3398,128.96,False,0.41105432831644245,0.7443587779998779
3399,9.2,False,0.40587266706091824,0.6611788272857666
3400,15.5,False,0.5450149833255475,0.6973118782043457
3401,33.7,False,0.49879403379697906,0.7502836585044861
3402,14.24,False,0.6066058801093925,0.6886096000671387
3403,6.96,False,0.31229619942742504,0.76704341173172
3404,71.38,False,0.28439577055024573,0.7106919288635254
3405,204.54001,False,0.7135098934373745,0.7355882525444031
3406,84.74,False,0.6932143992825559,0.7315608859062195
3407,10.54,False,0.6489654988444944,0.7227796316146851
3408,73.439995,False,0.5765295159371794,0.7358400225639343
3409,78.0,False,0.5705741046559617,0.7199180126190186
3410,9.08,False,0.4834527761347211,0.762346625328064
3411,24.18,False,0.6339395222111737,0.7146913409233093
